brand,title,type,price,available,sold,revenue,country,size_ml,price_category
Carolina Herrera,Good Girl by Carolina Herrera 2.7 oz Eau De Parfum Spray Women's New & Sealed,Eau de Parfum,43.99,2,393,17288.07,United States,80.0,Midrange
Unknown,Parfums de Marly Delina La Rosee Eau de Parfum 2.5 Fl Oz/75ml Spray for Women,Eau de Parfum,79.99,5,40,3199.6,Hong Kong,74.0,Midrange
Prada,PRADA Paradoxe by Prada EDP 3.0oz/90ml Spray Perfume for Women New In Box,Eau de Parfum,59.99,10,35,2099.65,United States,90.0,Midrange
Unknown,J'adore Parfum D'eau by Christian 3.4 oz EDP Fragrance for Women New In Box,Eau de Parfum,59.99,10,9,539.91,Hong Kong,101.0,Midrange
Khadlaj,"Shiyaaka for Men EDP Spray 100ML (3.4 FL.OZ) By Khadlaj (Woody, Aromatic, Earth)",Eau de Parfum,29.99,10,0,0.0,United States,101.0,Budget
Viktor & Rolf,Flowerbomb by Viktor & Rolf 3.4 oz 100ML Eau De Parfum Brand New Sealed In Box,Eau de Parfum,51.99,8,184,9566.16,United States,100.0,Midrange
Unknown,PRADA Paradoxe by Prada EDP 3.0oz/90ml Spray Perfume for Women New In Box US,Eau de Parfum,58.99,0,18,1061.82,United States,90.0,Midrange
Versace,Versace Bright Crystal Women EDT 6.7 oz 200 ml New Sealed in Box,Eau de Toilette,52.79,6,258,13619.82,United States,200.0,Midrange
Versace,Versace Bright Crystal by Versace for Women EDT Spray 3.0 oz / 90 ml New In Box,Eau de Toilette,29.99,1,251,7527.49,United States,90.0,Budget
Lattafa,Fakhar by Lattafa Eau de Parfum 3.4 oz / 100 ml Spray for Men,Eau de Parfum,22.75,10,174,3958.5,United States,100.0,Budget
Yves Saint Laurent,Yves Saint Laurent Black Opium 3oz Eau de Parfum Women's New Sealed,Eau de Parfum,39.99,10,77,3079.23,United States,89.0,Midrange
Gucci,Gucci Bloom 3.3oz / 3.4oz Eau de Parfum Women's Fragrance New Sealed,Eau de Parfum,64.99,10,35,2274.6499999999996,United States,98.0,Midrange
Carolina Herrera,Very Good Girl GLAM by Carolina Herrera 2.7 oz Eau de parfum Spray New & Sealed,Eau de Parfum,60.99,2,51,3110.4900000000002,United States,80.0,Midrange
Carolina Herrera,Good Girl by Carolina Herrera 2.7 fl oz Spray Eau De Parfum New & Sealed,Eau de Parfum,43.49,2,20,869.8000000000001,United States,80.0,Midrange
Coach,Coach Floral 3.0 oz EDP eau de parfum spray womens perfume 90ml Tester,Eau de Parfum,29.2,10,505,14746.0,United States,90.0,Budget
Guerlain,Guerlain NEROLI OUTRENOIR Eau de Parfum 2ml /.06oz Sample Spray NIB,Eau de Parfum,13.0,10,94,1222.0,United States,2.0,Budget
Philosophy,"Amazing Grace by Philosophy, 4 oz EDP Intense Spray for Women",Eau de Parfum,39.69,10,234,9287.46,United States,118.0,Midrange
Marc Jacobs,Marc Jacobs Decadence For Women by Marc Jacobs 3.4 oz 100ml EDP Spray New,Eau de Parfum,59.99,6,34,2039.66,Hong Kong,100.0,Midrange
Unknown,PRADA Paradoxe By Prada EDP 3.0oz/90ml Spray Perfume For Women New In Box USA,Eau de Parfum,59.99,1,43,2579.57,United States,90.0,Midrange
Dolce & Gabbana,D&G DOLCE & GABBANA LIGHT BLUE EAU INTENSE WOMEN 1.5ml .05oz x 5 PERFUME SAMPLES,Eau de Parfum,11.0,10,1613,17743.0,United States,5.0,Budget
Qrc,Oxytocin-N 15iu Per Spray 1oz (30ml),Eau de Parfum,27.0,10,218,5886.0,United States,30.0,Budget
~ Crepe Erase ~,CREPE ERASE-BODY FIRM ADVANCED BODY REPAIR TREATMENT ULTR- 3.3 OZ  Sealed W/OBox,Others,29.99,10,1,29.99,United States,98.0,Budget
Unknown,Lattafa YARA by Lattafa 3.4 Oz (100 ml) EDP Eau De Parfum Spray for Women.,Eau de Parfum,16.27,300,38,618.26,China,100.0,Budget
Yves Saint Laurent,Libre by Yves Saint Laurent YSL 3 oz EDP Perfume for Women New in Box,Eau de Parfum,54.95,1,25,1373.75,United States,89.0,Midrange
Carolina Herrera,Carolina Herrera Good Girl 2.7 oz EDP Feminine & Empowering New,Eau de Parfum,49.99,6,183,9148.17,United States,80.0,Midrange
Parfums De Marly,Parfums de Marly Delina 2.5 oz/75 ml EDP Spray for Women New With Sealed Box,Eau de Parfum,84.99,4,71,6034.29,Hong Kong,75.0,Prestige
Yves Saint Laurent,Mon Paris 3 oz Perfume by Yves Saint Laurent 90 ml Womens Spray EDP New & Sealed,Eau de Parfum,39.99,8,126,5038.740000000001,United States,90.0,Midrange
Dolce & Gabbana,Dolce & Gabbana Light Blue 6.7 oz Spray Eau De Toilette Women's New & Sealed,Eau de Toilette,53.99,0,54,2915.46,United States,198.0,Midrange
Ex Nihilo,Blue Taliman by Ex Nihilo Eau De Parfum 3.3oz/100ml Unisex Spray New With Box,Eau de Parfum,99.99,4,29,2899.71,Hong Kong,100.0,Prestige
Juliette Has A Gun,Not a Perfume by Juliette has a gun 3.3 oz EDP Perfume for Women Tester,Eau de Parfum,40.92,10,1571,64285.32,United States,98.0,Midrange
Davidoff,Davidoff Cool Water Sea Rose Eau De Toilette Spray For Her 100 Ml NEW IN BOX,Eau de Toilette,22.9,10,291,6663.9,United States,100.0,Budget
Viktor & Rolf,Viktor Rolf Flowerbomb 3.4 oz L'Eau De Parfum Spray New Factory Sealed in Box,Eau de Parfum,42.0,4,406,17052.0,United States,101.0,Midrange
Giorgio Armani,Sì Passione by Giorgio Armani For Women 3.4 Oz Eau De Parfum Spray New in Box,Eau de Parfum,44.88,7,147,6597.360000000001,United States,101.0,Midrange
Prada,Prada Les infusions De Milano Iris Cedre for Women 3.4oz/100ml EDP Spray In Box,Eau de Parfum,66.99,10,3,200.96999999999997,United States,100.0,Midrange
Roja,Roja Parfums Isola Blu Parfum Unisex 50ml / 1.7oz New With Sealed Box,Eau de Parfum,129.99,5,37,4809.63,Canada,50.0,Prestige
Unknown,Perfume EDP for Women 3.4 oz / 100 ml Brand NEW,Eau de Parfum,22.99,10,11,252.89,China,100.0,Budget
Parfums De Marly,PDM PARFUMS DE MARLY DELINA EXCLUSIF 1.5ml .05fl oz x 1 PERFUME SPRAY SAMPLE,Eau de Parfum,12.0,10,59,708.0,United States,1.0,Budget
Marc Jacobs,Marc Jacobs Daisy Eau So Fresh 4.2 oz / 125 mL Eau De Toilette Brand New Sealed,Eau de Toilette,32.95,10,68,2240.6000000000004,United States,125.0,Midrange
Ariana Grande,Cloud by Ariana Grande 3.4 oz / 100 ML EDP Perfume for Women New In Box Sealed,Eau de Parfum,31.05,9,54,1676.7,United States,100.0,Midrange
Versace,Versace Dylan Turquoise by Gianni Versace for women EDT 3.3 / 3.4 oz New Tester,Eau de Toilette,32.2,60,157,5055.400000000001,United States,101.0,Midrange
Sol De Janeiro,Sol de Janeiro Mini Brazilian Crush Body Fragrance Mist 3.04 oz/ 90 mL,Eau de Parfum,17.9,10,4,71.6,United States,90.0,Budget
Kilian,Love by Kilian Don't Be Shy Eau de Parfum 7.5 ml/0.25 fl. oz. Free Shipping …,Eau de Parfum,29.75,9,80,2380.0,United States,7.0,Budget
Donna Karan,Donna Karan CASHMERE MIST Deodorant-Anti-Perspirant Stick 1 OZ / 30mL NEW,Body Care,19.99,10,441,8815.59,United States,30.0,Budget
Carolina Herrera,Carolina Herrera Good Girl 2.7 oz Eau De Parfum Spray Women's New & Sealed,Eau de Parfum,43.99,2,16,703.84,United States,80.0,Midrange
Carolina Herrera,Very Good Girl GLAM by Carolina Herrera 2.7 oz EDP Spray Women's New & Sealed.,Eau de Parfum,59.99,2,21,1259.79,United States,80.0,Midrange
Marc Jacobs,Marc Jacobs Daisy Women's Eau De Toilette Spray For Women EDT 3.4Oz 100ml New,Eau de Toilette,42.88,10,71,3044.48,United States,100.0,Midrange
Parfums De Marly,PARFUMS de MARLY DELINA for WOMEN 2.5 oz (75ml) EDP Spray NEW SEALED  BOX,Eau de Parfum,100.99,1,49,4948.509999999999,United States,75.0,Prestige
Juliette Has A Gun,Juliette Has A Gun Discovery Kit includes LUST for sun SEALED new,Eau de Parfum,26.05,10,128,3334.4,United States,100.0,Budget
Unknown,Flora Gorgeous Jasmine 3.3 oz / 100 ml EDP Perfume Spray for Women New In Box,Eau de Parfum,54.99,5,60,3299.4,Hong Kong,100.0,Midrange
Carolina Herrera,"Carolina Herrera's Good Girl 2.7 Oz – Women's EDP, New in Sealed Box",Eau de Parfum,49.99,6,179,8948.210000000001,United States,80.0,Midrange
Viktor & Rolf,FLOWERBOMB BY VIKTOR & ROLF 3.4 OZ SPRAY EAU DE PARFUM SPRAY NEW & SEALED,Eau de Parfum,47.49,2,208,9877.92,United States,101.0,Midrange
Carolina Herrera,Good Girl by Carolina Herrera 2.7 Fl oz Spray Eau De Parfum Women's New & Sealed,Eau de Parfum,43.99,1,166,7302.34,United States,80.0,Midrange
Narciso Rodriguez,Narciso Rodriguez for Her 3.3 / 100ML EDP Perfume for Women New In Box,Eau de Parfum,32.0,10,87,2784.0,United States,100.0,Midrange
Coach,Coach Wild Rose 3.0 oz EDP eau de parfum spray womens perfume 90 ml Tester,Eau de Parfum,31.5,10,287,9040.5,United States,90.0,Midrange
Giorgio Armani,My Way by Giorgio Armani 3oz 90ml EDP Perfume for Women New In Box,Eau de Parfum,42.99,5,243,10446.57,United States,90.0,Midrange
Yves Saint Laurent,"Libre, Eau De Parfum Intense By Yves Saint Laurent 3oz for Women NEW",Eau de Parfum,98.99,3,56,5543.44,United States,89.0,Prestige
Viktor & Rolf,Flowerbomb by Viktor & Rolf 3.4 oz L'Eau de Parfum Spray Factory Sealed New,Eau de Parfum,42.0,4,404,16968.0,United States,101.0,Midrange
Kenzo,Kenzo Amour by Kenzo EDP For Women Spray 3.3 oz / 100 ml *NEW IN BOX*,Eau de Parfum,39.99,10,102,4078.98,United States,100.0,Midrange
Burberry,Burberry Touch by Burberry 3.3 / 3.4 oz EDP Spray For Women Brand New Sealed,Eau de Parfum,27.99,10,87,2435.1299999999997,United States,101.0,Budget
Carolina Herrera,Good Girl by Carolina Herrera 2.7 Fl oz Eau De Parfum Spray New & Sealed In Box,Eau de Parfum,42.99,2,130,5588.7,United States,80.0,Midrange
Thierry Mugler,Thierry Mugler Angel 1.7oz EDP Women's Perfume Spray New Sealed,Eau de Parfum,43.99,6,25,1099.75,United States,50.0,Midrange
Versace,Versace Bright Crystal Eau De Toilette Rollerball Women 0.3 Oz/10 Ml,Eau de Toilette,15.49,10,1089,16868.61,United States,10.0,Budget
Lattafa,Lattafa Fakhar EDP Spray 3.4 oz / 100 ml for Men,Eau de Parfum,23.25,10,19,441.75,United States,100.0,Budget
Donna Karan,"Be Delicious DKNY by Donna Karan, 8 oz Fragrance Mist for Women",Gift Set,16.26,10,110,1788.6000000000001,United States,237.0,Budget
Yves Saint Laurent,Yves Saint Laurent Libre Eau De Parfum  3.0 oz / 90 ml for Women,Eau de Parfum,49.68,10,25,1242.0,United States,90.0,Midrange
Gucci,Gucci Flora Gorgeous Gardenia 3.3oz Women's Eau de Toilette Spray New Sealed Box,Eau de Toilette,49.99,4,41,2049.59,United States,98.0,Midrange
Dolce & Gabbana,Dolce & Gabbana Light Blue 3.3 /3.4 oz Women’s Eau de Toilette Spray NEW,Eau de Toilette,27.9,2,118,3292.2,United States,101.0,Budget
Yves Saint Laurent,New Yves Saint Laurent Libre Eau De Parfum EDP Spray for Women 3.0 fl oz/90 ml！,Eau de Parfum,49.99,5,15,749.85,United States,89.0,Midrange
Juicy Couture,VIVA LA JUICY GOLD COUTURE by Juicy Couture Women 3.3 / 3.4 oz EDP New in Box,Eau de Parfum,36.79,68,1498,55111.42,United States,101.0,Midrange
Marc Jacobs,Daisy Eau So Fresh Perfume by Marc Jacobs 4.2 oz EDT Spray for Women. Sealed Box,Eau de Toilette,39.99,10,1129,45148.71,United States,124.0,Midrange
Maison Margiela,Maison Margiela Replica Sailing Day Eau de Toilette 3.4 oz New in Box US,Eau de Toilette,48.88,10,14,684.32,United States,101.0,Midrange
Carolina Herrera,Carolina Herrera Very Good Girl 2.7 oz Daring Floral EDP New,Eau de Parfum,55.99,6,193,10806.07,United States,80.0,Midrange
Giorgio Armani,My Way by Giorgio Armani 3 oz EDP Perfume for Women New In Box,Eau de Parfum,42.98,10,29,1246.4199999999998,United States,89.0,Midrange
Jo Malone,Jo Malone London Cologne Spray Travel Size 9ml/0.3oz **Choose Your Scent** NEW,Cologne,15.98,10,40,639.2,United States,9.0,Budget
Elizabeth Arden,Elizabeth Arden White Tea Fragrance Collection Set for Women - 3Pc Mini Gift Set,Gift Set,19.45,50,2,38.9,United States,100.0,Budget
Juliette Has A Gun,"Not a Perfume by Juliette Has A Gun, 3.3 oz EDP Spray for Women Eau De Parfum",Eau de Parfum,49.99,2,288,14397.12,United States,98.0,Midrange
Sol De Janeiro,After Hours by Sol de Janeiro 3OZ/90 ML Fragrance Hair Body Mist Unisex Spray,Eau de Parfum,20.49,8,190,3893.1,Hong Kong,90.0,Budget
Narciso Rodriguez,Narciso Rodriguez for Her 3.3 fl oz / 100 ml EDP New Sealed Free Shipping,Eau de Parfum,31.0,4,266,8246.0,United States,98.0,Midrange
Urban Outfitters,Urban Outfitters Le Monde  Gourmand Eau De Parfum Fraise Fouettee 070 1oz.,Eau de Parfum,24.99,9,9,224.91,United States,30.0,Budget
Dossier,Dossier Ambery Vanilla Eau de Parfum. Size: 50ml / 1.7oz,Eau de Parfum,19.0,10,10,190.0,United States,50.0,Budget
Dolce & Gabbana,D&G DOLCE & GABBANA DEVOTION EDP 1.5ml .05fl oz x 4 PERFUME SPRAY SAMPLE VIALS,Eau de Parfum,14.0,10,266,3724.0,United States,1.0,Budget
Maison Alhambra,Glacier Bold EDP Perfume By Maison Alhambra Lattafa 100 M 💯 (Le Beau Le Perfume,Eau de Parfum,34.0,10,45,1530.0,United States,100.0,Midrange
Alt Fragrances,"ALT Fragrances - Crystal No. 23 EDP (Inspired by Baccarat Rouge 540), 2 oz",Extrait de Parfum,49.0,10,443,21707.0,United States,59.0,Midrange
Estée Lauder,"Estee Lauder Cinnabar Eau De Parfum Spray, 1.7 oz / 50 ml Perfume, NWOB",Eau de Parfum,54.99,10,17,934.83,United States,50.0,Midrange
Victoria's Secret,Victoria's Secret Very Sexy Women's Perfume EDP 3.4 oz 100 ml New Sealed,Eau de Parfum,30.99,10,302,9358.98,United States,100.0,Midrange
Kim Kardashian,KIM KARDASHIAN GOLD Perfume 3.3 / 3.4 oz EDP For Women NEW IN BOX,Eau de Parfum,16.63,37,528,8780.64,United States,101.0,Budget
Thierry Mugler,Angel Standing Star Thierry Mugler 3.3 oz EDP Refillable Perfume for Women NIB,Eau de Parfum,60.0,10,256,15360.0,United States,98.0,Midrange
Viktor & Rolf,Flowerbomb by Viktor & Rolf EDP for Women 50 ml - 1.7 oz  *NEW IN SEALED BOX*,Eau de Parfum,42.99,10,155,6663.450000000001,United States,50.0,Midrange
Gap,GAP DREAM BODY MIST 8FL OZ/236 mL FREE SHIPPING NEW,Body Mist,19.0,10,35,665.0,United States,237.0,Budget
Cacharel,AMOR AMOR by Cacharel Perfume for women 3.3 oz / 3.4 oz edt New,Eau de Toilette,25.27,106,539,13620.53,United States,98.0,Budget
Dolce & Gabbana,Dolce & Gabbana Light Blue  3.3 oz / 3.4 oz EDT Spray for Women Brand New Sealed,Eau de Parfum,29.9,10,327,9777.3,United States,98.0,Budget
Jessica Mcclintock,Jessica Mc Clintock by Jessica McClintock 3.4 oz EDP Perfume for Women Tester,Eau de Parfum,20.93,10,1484,31060.12,United States,101.0,Budget
Unknown,Women Perfume 3.4 oz / 100 ml Eau De Toilette Spray,Eau de Toilette,30.98,10,12,371.76,China,100.0,Midrange
Versace,Versace Bright Crystal Eau De Toilette Spray 6.7 oz Factory Sealed Free Shipping,Eau de Toilette,41.5,3,255,10582.5,United States,198.0,Midrange
Kilian,Roses on Ice by Kilian 1.7 oz Eau de Parfum Spray for Women-New In Box,Eau de Parfum,64.99,5,4,259.96,Hong Kong,50.0,Midrange
Ariana Grande,"Ariana Grande Cloud Pink - Charming 3.4oz Eau de Parfum, Sealed",Eau de Parfum,29.99,9,57,1709.4299999999998,United States,101.0,Budget
Marc Jacobs,Daisy Eau So Fresh by Marc Jacobs for Women EDT Spray 4.2 oz / 125 ml New In Box,Eau de Toilette,30.79,3,493,15179.47,United States,125.0,Midrange
Yves Saint Laurent,Mon Paris by Yves Saint Laurent 3 fl oz/90 ml EDP Spray for Women New & Sealed,Eau de Parfum,39.99,10,66,2639.34,United States,89.0,Midrange
Clinique,Clinique Happy by Clinique 3.3 / 3.4 oz Perfume EDP Spray for women NEW IN BOX,Eau de Parfum,21.27,2,61,1297.47,United States,101.0,Budget
Unknown,Yara by Lattafa Perfumes | Eau De Parfum-100ml (3.4 fl oz) |-Female Long Lasting,Eau de Parfum,15.89,10,434,6896.26,China,101.0,Budget
Valentino,Valentine Milano For Women Perfume 3.4 fl.oz from Fragrance Couture.,Eau de Parfum,10.99,10,94,1033.06,United States,101.0,Budget
Giorgio Armani,New Si by Giorgio Armani 3.4 oz / 100 mL EDP Perfume for Women - USA,Eau de Parfum,37.88,8,108,4091.0400000000004,United States,100.0,Midrange
Dolce & Gabbana,Light Blue 3.3 oz by Dolce & Gabbana EDT Perfume for Women New In Box & SEALED,Eau de Toilette,30.95,8,245,7582.75,United States,98.0,Midrange
Jimmy Choo,ILLICIT FLOWER by Jimmy Choo for women EDT 3.3 / 3.4 oz New Tester,Eau de Toilette,25.23,8,909,22934.07,United States,101.0,Budget
Calvin Klein,Obsession by Calvin Klein EDP Perfume for Women 3.3 / 3.4 oz New Tester,Eau de Parfum,23.88,10,5587,133417.56,United States,101.0,Budget
Victoria's Secret,VICTORIA'S SECRET Bombshell Seduction Fine Fragrance Mist 8.4 fl oz - NEW,Eau de Parfum,18.5,6,23,425.5,United States,248.0,Budget
Alfred Sung,SHI by Alfred Sung Perfume for Women EDP 3.3 / 3.4 oz New In Box Sealed,Eau de Parfum,20.45,110,4308,88098.59999999999,United States,101.0,Budget
Unknown,LIBRE By Yves Saint Laurent YSL Eau de Parfum EDP Perfume 3 Oz/90ML for Women,Eau de Parfum,59.99,10,114,6838.860000000001,United States,90.0,Midrange
Gloria Vanderbilt,VANDERBILT by Gloria 3.4 oz 3.3 edt for Women Perfume  New Box Seal,Eau de Toilette,12.78,149,10268,131225.03999999998,United States,101.0,Budget
Prada,PRADA Paradoxe by Prada EDP 3.0oz/90ml Spray Perfume for Women New In Box USA,Eau de Parfum,64.99,10,123,7993.7699999999995,United States,90.0,Midrange
Ariana Grande,Ariana Grande Cloud 2.0 Intense Eau De Parfum - 3.4 Oz  100 mL New & Sealed,Eau de Parfum,33.99,9,89,3025.11,United States,100.0,Midrange
Dolce & Gabbana,Dolce & Gabbana Light Blue Women 3.4 fl oz 100 ML Eau de Toilette NEW SEALED BOX,Eau de Toilette,29.99,8,187,5608.13,United States,101.0,Budget
Valentino,VALENTINO DONNA BORN IN ROMA INTENSE 3.4 oz 100ml EAU DE PARFUM SPRAY SEALED,Eau de Parfum,100.99,1,47,4746.53,United States,100.0,Prestige
Parfums,Cabotine De Gres by Parfums 3.3 / 3.4 oz EDT Perfume For Women NEW IN BOX,Eau de Toilette,14.75,183,1999,29485.25,United States,101.0,Budget
Prada,Prada Paradoxe EDP Mini Bottle 7ml/.23oz,Eau de Parfum,19.0,10,0,0.0,United States,7.0,Budget
Jimmy Choo,JIMMY CHOO by Jimmy Choo 3.3 / 3.4 oz Spray EDT for Women NEW IN BOX,Eau de Toilette,33.52,131,2846,95397.92000000001,United States,101.0,Midrange
Kilian,Good Girl Gone Bad by Kilian 1.7 oz / 50 ml Eau De Parfum Spray - New,Eau de Parfum,100.99,1,48,4847.5199999999995,United States,50.0,Prestige
Ouai,OUAI Hair & Body Mist In ST. BARTS 3.3oz / 97ml Full Size NEW RELEASE '24,Eau de Parfum,28.0,2,0,0.0,United States,97.0,Budget
Lancôme,"La Vie Est Belle by Lancome 3.4 Oz – Women's L'eau De Parfum, Sealed Freshness",Eau de Parfum,49.99,5,127,6348.7300000000005,United States,101.0,Midrange
Valentino,Valentino Donna Born In Roma Eau De Parfum  2ML Spray For Women,Eau de Parfum,9.7,10,2,19.4,United States,2.0,Budget
Thierry Mugler,ANGEL Thierry Mugler Eau De parfum Spray Women's 3.4 oz / 100 ml New Sealed Box,Eau de Parfum,44.99,8,232,10437.68,United States,100.0,Midrange
Ellis Brooklyn,NWB Ellis Brooklyn Miami Nectar Eau de Parfum - Travel Size - Set of 2,Eau de Parfum,33.0,10,0,0.0,United States,100.0,Midrange
Ariana Grande,Cloud by Ariana Grande 3.4 oz / 100 ML EDP Perfume for Women New In Box Sealed,Eau de Parfum,33.8,8,303,10241.4,United States,100.0,Midrange
Lattafa,Fakhar by Lattafa 3.4 oz / 100 ml EDP Spray for Men,Eau de Parfum,22.99,10,8,183.92,United States,100.0,Budget
Unknown,J'adore 3.4 oz/100 ml Eau De Parfum EDP Women Spray Gift For Her New & Sealed US,Eau de Parfum,49.99,8,22,1099.78,Hong Kong,100.0,Midrange
Elizabeth Taylor,Forever Elizabeth by Elizabeth Taylor 3.4 oz Spray edp 3.3 Perfume NEW in Box,Eau de Parfum,17.89,71,5263,94155.07,United States,101.0,Budget
Burberry,Brit Sheer by Burberry 3.3 / 3.4 oz EDT Perfume for Women New In Box,Eau de Toilette,35.09,45,755,26492.950000000004,United States,101.0,Midrange
Calvin Klein,OBSESSION NIGHT by Calvin Klein Perfume for Women 3.3 / 3.4 oz EDP New in Box,Eau de Parfum,25.57,194,472,12069.04,United States,101.0,Budget
Elizabeth Taylor,BRILLIANT White Diamonds Elizabeth Taylor women 3.3 oz 3.4 edt NEW IN BOX,Eau de Toilette,16.44,64,315,5178.6,United States,98.0,Budget
Unknown,LA VIDA BELLA POUR FEMME EAU DE PARFUM SPRAY FOR WOMEN 3.4 Oz / 100 ml BRAND NEW,Eau de Parfum,10.99,10,29,318.71,United States,100.0,Budget
Kilian,Kilian Angels' Share Eau De Parfum Sample Spray Vial 1.5ml / 0.05oz,Eau de Parfum,7.99,10,333,2660.67,United States,5.0,Budget
Thierry Mugler,Alien by Thierry Mugler EDP for Women REFILLABLE 1oz / 30ml *NEW SEALED BOX*,Eau de Parfum,43.99,10,109,4794.91,United States,30.0,Midrange
Al Haramain,Al Haramain Amber Oud White Edition EDP 3.4 oz/ 100ml Perfume Tester,Eau de Parfum,36.65,3,22,806.3,United States,100.0,Midrange
Dolce & Gabbana,Dolce & Gabbana Light Blue  3.3 oz / 3.4 oz EDT Spray for Women Brand New Sealed,Eau de Parfum,29.99,10,315,9446.85,United States,98.0,Budget
Unknown,Flora Gorgeous Magnolia By-Gucci Eau De Parfum EDP 3.3 Oz Perfume For Women NIB,Eau de Parfum,54.99,1,9,494.91,United States,98.0,Midrange
Parfums De Marly,Parfums De Marly Delina EDP Official Carded Sample Spray 0.05oz / 1.5ml,Eau de Parfum,12.49,8,490,6120.1,United States,5.0,Budget
Dolce & Gabbana,Dolce & Gabbana The One 2.5 oz / 75 ml Eau De Parfum Spray Women's New & Sealed,Eau de Parfum,49.99,2,15,749.85,United States,75.0,Midrange
Al Rehab,Choco Musk Arabian Perfume Spray- 50ml by Al Rehab by Crown perfumes.,Eau de Parfum,9.25,10,290,2682.5,United States,50.0,Budget
Byredo,Byredo Mojave Ghost Eau de Parfum EDP Spray 3.4 oz / 100 ml Perfume for Unisex,Eau de Parfum,100.99,1,13,1312.87,United States,100.0,Prestige
Unknown,New Jo Malone London Wood Sage & Sea Salt Cologne Spray 3.4 oz/ 100 ml for Women,Cologne,50.68,3,7,354.76,United States,100.0,Midrange
Huda Beauty Kayali,KAYALI EDEN SPARKLING LYCHEE | 39 Eau de Parfum 0.34 oz SEALED MADE IN FRANCE,Eau de Parfum,42.0,4,11,462.0,United States,10.0,Midrange
Coach,COACH Floral Blush by Coach perfume for women EDP 3 / 3.0 oz New in Box,Eau de Parfum,38.92,141,2515,97883.8,United States,89.0,Midrange
Unknown,3.3 oz 100 ml Flora Gorgeous Gardena Eau De Parfum EDP For Women New In Box,Eau de Parfum,49.99,4,46,2299.54,Hong Kong,100.0,Midrange
Unknown,Versace Dylan 3.4 oz Eau de Parfum Spray Parfume Fragrances for Women Purple,Eau de Parfum,58.99,10,12,707.88,United States,101.0,Midrange
Versace,VERSACE WOMAN by Gianni Versace Perfume for Women EDP 3.4 oz New in Box SEALED,Eau de Parfum,33.38,76,2715,90626.70000000001,United States,101.0,Midrange
Dolce & Gabbana,Light Blue by Dolce & Gabbana 3.3 / 3.4 oz EDT Perfume for Women New In Box,Eau de Parfum,29.65,6,821,24342.649999999998,United States,101.0,Budget
Evyan,White Shoulders 4.5 oz Perfume for Women Eau de Cologne Spray New In Box,Cologne,18.63,13,3185,59336.549999999996,United States,133.0,Budget
Estée Lauder,Beautiful by Estee Lauder 2.5 oz / 75ml EDP Perfume For Women Brand New Sealed!!,Eau de Parfum,28.05,8,299,8386.95,United States,75.0,Budget
Juliette Has A Gun,Juliette Has A Gun Not a Perfume Eau De Parfum 3.3 fl. oz / 100 ml Spray Women,Eau de Parfum,55.1,1,39,2148.9,United States,98.0,Midrange
Lake&Skye,Lake & Skye 11 11 Eau De Parfum 3.4oz  (WITHOUT BOX),Eau de Parfum,99.99,2,3,299.96999999999997,United States,101.0,Prestige
Unknown,SOL DE JANEIRO Brazilian Crush 39 Perfume Body Mist Fragrance 3.4floz New in Box,Eau de Parfum,19.75,10,33,651.75,Hong Kong,101.0,Budget
Burberry,Burberry Weekend by Burberry 3.3 / 3.4 oz EDP Perfume for Women New In Box,Eau de Parfum,34.08,10,4332,147634.56,United States,101.0,Midrange
Frederic Malle,Portrait of a Lady By Frederic Malle Eau De Parfum Sample Spray 1.2ml / 0.04oz,Eau de Parfum,12.95,4,73,945.3499999999999,United States,2.0,Budget
Marilyn Miglin,SEALED DEAL Marilyn Miglin HUGE 3.4 Oz Pherómone Eau de Parfum PHEROMONE,Eau de Parfum,30.0,3,4,120.0,United States,101.0,Budget
Aquolina,Pink Sugar hair perfume by Aquolina for women 3.4 oz EDP New,Eau de Parfum,12.36,417,1130,13966.8,United States,101.0,Budget
Gucci,Gucci Bamboo by Gucci 2.5 oz Eau De Parfum Spray for Women New & Sealed,Eau de Parfum,43.99,2,136,5982.64,United States,74.0,Midrange
Thierry Mugler,"Angel Perfume by Thierry Mugler, 3.4 oz Refillable EDP BRAND NEW SEALED IN BOX",Eau de Parfum,51.99,3,179,9306.210000000001,United States,101.0,Midrange
Jo Malone,Jo Malone Orange Blossom  Cologne Spray Women's Eau de  - 3.4 fl oz/100ml,Cologne,79.99,10,15,1199.85,United States,101.0,Midrange
Gucci,Gucci Bamboo 2.5oz Women's Eau de Parfum Spray New Sealed,Eau de Parfum,43.69,6,18,786.42,United States,74.0,Midrange
Perry Ellis,360 by Perry Ellis Perfume 6.7 oz for Women edt NEW IN BOX,Eau de Toilette,35.39,31,2209,78176.51,United States,198.0,Midrange
Estée Lauder,Pleasures by Estee Lauder 3.4 oz EDP Perfume for Women New In Box,Eau de Parfum,34.28,10,5901,202286.28,United States,101.0,Midrange
Dolce & Gabbana,The One by Dolce & Gabbana 2.5 oz EDP Perfume for Women Brand New Tester,Eau de Parfum,43.32,10,252,10916.64,United States,74.0,Midrange
Giorgio Armani,My Way by Giorgio Armani 3oz 90ml EDP Perfume for Women Spray New In Box,Eau de Parfum,41.99,3,7,293.93,United States,90.0,Midrange
Ariana Grande,Cloud 2.0 Intense by Ariana Grande 3.4 oz Eau De Parfum Spray New & Sealed,Eau de Parfum,29.49,5,45,1327.05,United States,101.0,Budget
Carolina Herrera,GOOD GIRL CAROLINA HERRERA 2.7 OZ / 80 ML EDP NEW FACTORY SEALED FREE SHIPPING,Eau de Parfum,41.99,4,369,15494.310000000001,United States,80.0,Midrange
Armaf,Club de Nuit by Armaf perfume for women EDP 6.8 oz New in Box,Eau de Parfum,36.59,175,931,34065.29,United States,201.0,Midrange
Ariana Grande,"Ariana Grande Cloud - Dreamy 3.4oz Women's Eau de Parfum, New in Box",Eau de Parfum,33.99,3,40,1359.6000000000001,United States,101.0,Midrange
Lancôme,Tresor by Lancome for Women EDP Spray 3.4 oz / 100 ml New In Box,Eau de Parfum,41.99,1,220,9237.800000000001,United States,100.0,Midrange
Giorgio Armani,Giorgio Armani My Way for Women 3 fl.oz Eau de Parfum Spray,Eau de Parfum,49.0,7,13,637.0,United States,89.0,Midrange
Carolina Herrera,Good Girl BLUSH by Carolina Herrera 2.7 oz.EDP Spray for Women New in Sealed Box,Eau de Parfum,119.99,10,141,16918.59,United States,80.0,Prestige
Lattafa Perfumes,"Lattafa Perfumes Mayar EDP - Eau De Parfum Women 100ml(3.4 oz) | Lychee, white f",Eau de Parfum,26.99,6,155,4183.45,United States,100.0,Budget
Alfred Sung,Sung by Alfred Sung for women EDT 3.3 / 3.4 oz New Tester,Eau de Toilette,15.99,216,1107,17700.93,United States,101.0,Budget
Elizabeth Taylor,White Diamonds by Elizabeth Taylor 3.3 3.4 oz EDT Perfume for Women New Tester,Eau de Toilette,19.68,10,10259,201897.12,United States,101.0,Budget
Coach,Coach Wild Rose 3 oz EDP Perfume for Women New In Box,Eau de Parfum,42.28,1,796,33654.88,United States,89.0,Midrange
Donna Karan,Donna karen Cashmere Mist Deodorant 1.7oz,Body Care,26.99,10,69,1862.31,United States,50.0,Budget
Valentino,Valentino Donna Born In Roma Perfume 3.4oz.EDP Spray for Women New in Sealed Box,Eau de Parfum,109.95,10,416,45739.200000000004,United States,101.0,Prestige
Katy Perry,MEOW by KATY PERRY Eau de Parfum 3.4 oz for 3.3 Women NEW IN BOX,Eau de Parfum,23.75,132,417,9903.75,United States,101.0,Budget
Carolina Herrera,Carolina Herrera Good Girl Blush Eau de Parfum 0.24 Oz 7 mL Splash Dabber Travel,Eau de Parfum,18.99,10,25,474.74999999999994,United States,7.0,Budget
Clinique,Aromatics Elixir by Clinique 3.4 oz/100 ml Perfume Spray for Women,Eau de Parfum,33.0,10,232,7656.0,United States,100.0,Midrange
Lancôme,La Vie Est Belle By Lancome 3.4 Fl oz Spray Eau De Parfum Women's New & Sealed,Eau de Parfum,41.49,1,61,2530.8900000000003,United States,101.0,Midrange
Calvin Klein,Eternity by CK Calvin Klein 3.4 oz EDP Perfume for Women Tester,Eau de Parfum,32.12,10,7018,225418.15999999997,United States,101.0,Midrange
Unknown,PRADA Paradoxe by Prada EDP 3.0oz/90ml Spray for Women USA New In Box,Eau de Parfum,55.39,1,6,332.34000000000003,United States,90.0,Midrange
Lancôme,Idole by Lancome perfume for women EDP 1.7 oz New 50 ml,Eau de Parfum,36.99,8,66,2441.34,United States,50.0,Midrange
Yves Saint Laurent,Yves Saint Laurent Black Opium Women's Perfume EDP 3.0 oz 90 ml Sealed New,Eau de Parfum,54.99,10,74,4069.26,United States,90.0,Midrange
Victoria's Secret,Victoria's Secret Heavenly 3.4 fl oz Spray Eau de Parfum Women's New & Sealed,Eau de Parfum,28.99,3,43,1246.57,United States,101.0,Budget
Carolina Herrera,Carolina Herrera Good Girl Women EDP 2.7 oz Spray New Sealed,Eau de Parfum,49.99,6,22,1099.78,United States,80.0,Midrange
Juicy Couture,Viva La Juicy Rose by Juicy Couture 3.4 oz EDP Perfume for Women New In Box,Eau de Parfum,34.59,10,1790,61916.100000000006,United States,101.0,Midrange
Montblanc,Montblanc - Signature Eau De Parfum Spray  90ml/3oz,Eau de Parfum,39.47,10,99,3907.5299999999997,United States,90.0,Midrange
Atelier Cologne,Atelier Cologne - Orange Sanguine Cologne Absolue Spray  30ml/1oz,Eau de Parfum,29.9,3,6,179.39999999999998,United States,30.0,Budget
Unknown,PRADA Paradoxe by Prada EDP 3.0oz/90ml Spray Perfume for Women New In Box,Eau de Parfum,59.99,1,8,479.92,United States,90.0,Midrange
Christian Audigier,ED HARDY HEARTS & DAGGERS 3.4 / 3.3 oz EDP For Women NEW in BOX,Eau de Parfum,20.42,204,3525,71980.5,United States,98.0,Budget
Donna Karan,Cashmere Mist by Donna Karan 3.4 oz / 100mL Spray for Women EDP Brand New Sealed,Eau de Parfum,29.99,10,223,6687.7699999999995,United States,100.0,Budget
Vera Wang,PRINCESS by VERA WANG Perfume 3.3 / 3.4 oz EDT For Women NEW in BOX,Eau de Toilette,25.42,107,4123,104806.66,United States,101.0,Budget
Yves Saint Laurent,Yves Saint Laurent Cinema Eau de Parfum Spray for Women 3.0 Oz New,Eau de Parfum,59.99,6,29,1739.71,United States,89.0,Midrange
Marc Jacobs,Marc Jacobs Decadence For Women 3.4 oz 100ml EDP Spray New in Box,Eau de Parfum,62.99,2,16,1007.84,Hong Kong,100.0,Midrange
Burberry,Brit Sheer by Burberry 3.3 / 3.4 oz EDT Perfume for Women New In Box,Eau de Toilette,35.08,10,6191,217180.28,United States,101.0,Midrange
Jo Malone,Jo Malone Myrrh & Tonka Cologne Intense Spray Women's Eau de  - 3.4 fl oz/100ml,Cologne,95.99,10,30,2879.7,United States,101.0,Prestige
Jo Malone,Jo Malone English Pear & Freesia 100ml/3.4fl oz Unisex Perfume Cologne Spray,Cologne,49.99,6,117,5848.83,Hong Kong,101.0,Midrange
Philosophy,NIB Philosophy Pure Grace 2oz  EDT Women's Perfume New Authentic,Eau de Parfum,30.17,10,441,13304.970000000001,United States,59.0,Midrange
Coach,Coach by Coach 3 / 3.0 oz EDP Perfume for Women New In Box,Eau de Parfum,37.19,10,3080,114545.2,United States,89.0,Midrange
Maison Alhambra,Maison Alhambra Ladies La Vita Bella Intensa EDP 3.4 oz Fragrances 6291108735954,Eau de Parfum,18.79,3,22,413.38,United States,101.0,Budget
Yves Saint Laurent,Black Opium Yves Saint Laurent 3.0 oz Eau De Parfum Perfume New Factory Sealed,Eau de Parfum,40.0,4,602,24080.0,United States,89.0,Midrange
Burberry,Burberry Burberry Her Eau De Parfum 2 Pcs Set  / New With Box,Eau de Parfum,79.99,10,7,559.93,United States,100.0,Midrange
Guess,Guess Marciano perfume for women EDP 3.3 / 3.4 oz New in Box,Eau de Parfum,20.44,35,7558,154485.52000000002,United States,101.0,Budget
Prada,PRADA CANDY BY PRADA 2.7 oz 80ML Eau de Parfum BRAND NEW SEALED IN BOX,Eau de Parfum,44.99,7,42,1889.5800000000002,United States,80.0,Midrange
Coty,Exclamation by Coty Perfume for Women Cologne Spray 1.7 oz New In Box,Cologne,14.89,10,7331,109158.59000000001,United States,50.0,Budget
Calvin Klein,OBSESSION by CALVIN KLEIN for Women 3.4 oz 100 ml Eau de Parfum Spray NEW,Eau de Parfum,23.95,5,655,15687.25,United States,100.0,Budget
Carolina Herrera,Good Girl by Carolina Herrera 2.7 Fl oz Spray Women's Eau De Parfum New & Sealed,Eau de Parfum,43.99,2,11,483.89000000000004,United States,80.0,Midrange
Unknown,Black Orchid By Tom Ford3.4 oz / 100 ml EDP for Women New in Box Regular Size,Eau de Parfum,59.99,5,6,359.94,Hong Kong,100.0,Midrange
Dolce & Gabbana,Light Blue eau Intense by Dolce & Gabbana D&G EDP Perfume for Women 3.3 / 3.4 oz,Eau de Parfum,52.78,10,3759,198400.02000000002,United States,101.0,Midrange
Versace,Versace Dylan Purple By Versace 3.4oz./100ml Edp Spray Women New Same As Picture,Eau de Parfum,54.9,10,10,549.0,United States,100.0,Midrange
Dolce & Gabbana,D & G THE ONE Dolce & Gabbana Perfume 2.5 oz edp BRAND NEW tester WITH CAP,Eau de Parfum,43.33,23,280,12132.4,United States,74.0,Midrange
Armaf,"ARMAF CLUB DE NUIT 3.4 OZ, EDP FOR WOMEN IN SEALED BOX",Eau de Parfum,29.45,10,355,10454.75,United States,101.0,Budget
Dossier,Dossier FRUITY ALMOND Eau de Parfum 1.7 Fl oz / 50 mL Perfume NEW IN BOX,Eau de Parfum,20.0,8,22,440.0,United States,50.0,Budget
Ariana Grande,Ariana Grande Cloud Pink Eau De Parfum 3.4 fl oz Spray Women's New And Sealed,Eau de Parfum,29.99,2,62,1859.3799999999999,United States,101.0,Budget
Elizabeth Taylor,PASSION by Elizabeth Taylor 2.5 oz edt New in Box Sealed,Eau de Toilette,20.48,48,620,12697.6,United States,74.0,Budget
Parfums De Marly,PDM PARFUMS DE MARLY VALAYA EDP 1.5ml .05fl oz x 1 PERFUME SPRAY SAMPLE,Eau de Parfum,12.0,9,29,348.0,United States,1.0,Budget
Clean,Clean Warm Cotton 2.14 oz EDP Perfume for Women Brand New Tester,Eau de Parfum,22.09,10,332,7333.88,United States,63.0,Budget
Juicy Couture,VIVA LA JUICY NOIR by Juicy Couture Perfume Women 3.4 oz edp 3.3 New in Box,Eau de Parfum,34.38,131,2361,81171.18000000001,United States,101.0,Midrange
Juicy Couture,COUTURE LA LA Juicy Couture women perfume edp 3.4 oz 3.3 NEW IN BOX,Eau de Parfum,24.24,251,3152,76404.48,United States,101.0,Budget
Giorgio Armani,Giorgio Armani My Way Parfum For Women 15ML/0.5fl.oz. New In Box & Sealed,Eau de Parfum,21.95,10,8,175.6,United States,15.0,Budget
Afnan,"Mystique Bouquet by Afnan, 2.7 oz EDP Spray for Women",Eau de Parfum,39.89,10,8,319.12,United States,80.0,Midrange
Britney Spears,FANTASY Britney Spears women perfume edp 3.3 oz 3.4 NEW TESTER,Eau de Parfum,18.94,235,1804,34167.76,United States,98.0,Budget
Jimmy Choo,JIMMY CHOO by Jimmy Choo 3.3 / 3.4 oz Spray EDT Perfume for Women Tester,Eau de Toilette,24.51,1,601,14730.51,United States,101.0,Budget
Lancôme,Miracle Perfume by Lancome 3.4 oz L'eau de Parfum Spray for Women NEW & SEALED,Eau de Parfum,32.99,8,238,7851.620000000001,United States,101.0,Midrange
Coach,Coach Dreams Sunset EDP 7.5ML Mini with Pouch,Eau de Parfum,16.95,10,15,254.25,United States,5.0,Budget
Victoria's Secret,"Victoria's Secret Bombshell - Enticing 3.4oz Perfume, Sealed in Box",Eau de Parfum,33.99,7,149,5064.51,United States,101.0,Midrange
Burberry,Burberry Brit by Burberry 3.3 / 3.4 oz EDT Perfume for Women New In Box,Eau de Toilette,35.73,557,2590,92540.7,United States,101.0,Midrange
Estée Lauder,"Sensuous by Estee Lauder, 1.7 oz EDP Spray for Women",Eau de Parfum,34.98,10,131,4582.379999999999,United States,50.0,Midrange
Yves Saint Laurent,Libre By Yves Saint Laurent for Women EDT 3 oz / 90 ml *NEW IN SEALED BOX*,Eau de Parfum,59.96,4,19,1139.24,Hong Kong,90.0,Midrange
Kilian,Angels' Share By Kilian 1.7 oz Eau de Parfum Spray Refillable 50ML NEW WITH BOX,Eau de Parfum,64.88,5,42,2724.96,Hong Kong,50.0,Midrange
Lancôme,La Vie Est Belle by Lancome 3.4 oz 100 ml L'Eau De Parfum BRAND NEW SEALED BOX,Eau de Parfum,69.99,9,25,1749.7499999999998,United States,100.0,Midrange
Calvin Klein,CK SHEER BEAUTY Calvin Klein women edt 3.4 oz 3.3 NEW IN BOX,Eau de Toilette,25.69,11,169,4341.610000000001,United States,101.0,Budget
Yves Saint Laurent,Yves Saint Laurent Libre Eau De Parfum EDP Spray For Women 3.0 Oz 90 ml New Seal,Eau de Parfum,49.68,10,21,1043.28,United States,90.0,Midrange
Giorgio Armani,My Way by Giorgio Armani 3 oz EDP Perfume for Women New In Box fast shipping,Eau de Parfum,33.92,10,3,101.76,China,89.0,Midrange
Donna Karan,BE DELICIOUS Perfume DKNY Donna Karan 1.0 Oz 30 ml EDP Spray Women Without Box,Eau de Parfum,24.99,10,370,9246.3,United States,30.0,Budget
Givenchy,Amarige by Givenchy EDT for Women 3.3oz  / 100ml *NEW IN SEALED BOX*,Eau de Toilette,49.99,10,174,8698.26,United States,100.0,Midrange
Narciso Rodriguez,Narciso Rodriguez for Her EDP 3.3oz - New Sealed Sophistication,Eau de Toilette,34.99,6,5,174.95000000000002,United States,98.0,Midrange
Escada,Magnetism by Escada perfume for women EDP 2.5 oz New in Box,Eau de Parfum,30.45,8,738,22472.1,United States,74.0,Midrange
Lancôme,NEW & SEALED! Lancome Tresor In Love for Women L'Eau De Parfum Spray 2.5 oz 5D,Eau de Parfum,67.5,10,12,810.0,United States,74.0,Midrange
Dolce & Gabbana,D&G DOLCE GABBANA 3 L'IMPERATRICE EDT 1.5ml Tester,Eau de Toilette,5.99,5,3,17.97,United States,5.0,Budget
Dossier,Dossier FRUITY ORANGE Eau de Parfum 1.7 Fl oz / 50 mL Perfume NEW IN BOX,Eau de Parfum,15.0,10,65,975.0,United States,50.0,Budget
Ariana Grande,Ariana Grande God Is A Woman Eau De Parfum,Eau de Parfum,15.99,9,35,559.65,United States,100.0,Budget
Viktor & Rolf,Viktor & Rolf Flowerbomb Ruby Orchid 3.4 oz. Eau de Parfum Spray,Eau de Parfum,79.72,10,334,26626.48,United States,101.0,Midrange
Marc Jacobs,Marc Jacobs Daisy Eau So Fresh 4.2oz Women's Eau de Toilette Brand New & Sealed,Eau de Toilette,33.99,3,43,1461.5700000000002,United States,124.0,Midrange
Dolce & Gabbana,L'Imperatrice by Dolce & Gabbana D&G 3.3 / 3.4 oz EDT Perfume for Women NIB,Eau de Toilette,39.98,10,3379,135092.41999999998,United States,101.0,Midrange
Michael Kors,Michael Kors Sexy Amber by Michael Kors 3.4 oz EDP For Women Perfume New In Box,Eau de Parfum,44.99,10,1647,74098.53,United States,101.0,Midrange
Lancôme,Idole by Lancome Eau de Parfum EDP Perfume for Women 2.5 oz New in Box,Eau de Parfum,44.95,1,14,629.3000000000001,United States,74.0,Midrange
Le Labo,"Santal 33 by Le Labo, 3.4 oz EDP Spray for Unisex",Eau de Parfum,60.37,10,9,543.3299999999999,Hong Kong,101.0,Midrange
Burberry,Burberry Her Blossom by Burberry 3.3 oz EDP Perfume for Women New in Box,Eau de Toilette,53.99,2,10,539.9,Taiwan,98.0,Midrange
Victoria's Secret,Victoria's Secret Tease Women's EDP Spray 3.4 oz 100ml New in Box,Eau de Parfum,30.99,4,89,2758.1099999999997,United States,100.0,Midrange
Maison Alhambra,Delilah Perfumes EDP 3.4oz By Maison Alhambra Lattafa for Woman  Free Shipping,Eau de Parfum,23.9,10,2,47.8,United States,101.0,Budget
Kilian,Good Girl Gone Bad by Kilian 1.7 oz EDP REFILLABLE Spray. New Sealed Box,Eau de Parfum,99.99,1,20,1999.8,United States,50.0,Prestige
Calvin Klein,CONTRADICTION by Calvin Klein 3.4 oz EDP Perfume For Women New in Box Sealed,Eau de Parfum,26.43,96,5314,140449.02,United States,101.0,Budget
Dossier,Dossier WOODY OAKMOSS Eau de Parfum 1.7 Fl oz / 50 mL Perfume NEW IN BOX,Eau de Parfum,20.0,2,41,820.0,United States,50.0,Budget
Dolce & Gabbana,Light Blue by Dolce & Gabbana 3.3 oz / 3.4 oz 100mL EDT Spray Brand New Sealed,Eau de Parfum,29.95,10,296,8865.199999999999,United States,100.0,Budget
Hollister,WAVE By Hollister California perfum for Women 3.3 / 3.4 oz EDP New Tester,Eau de Parfum,15.52,26,129,2002.08,United States,101.0,Budget
Ralph Lauren,Ralph By Ralph Lauren EDT for Women 3.4 oz - 100 ml *NEW IN SEALED BOX*,Eau de Toilette,45.99,10,201,9243.99,United States,100.0,Midrange
Ariana Grande,Cloud By Ariana Grande 3.4oz EDP Perfume Spray Fragrance for Women New in Box,Eau de Parfum,29.99,9,14,419.85999999999996,United States,101.0,Budget
Glossier,Glossier You Eau de Parfum Rollerball (0.27oz /8mL) NEW,Eau de Parfum,27.31,10,5,136.54999999999998,United States,8.0,Budget
Dolce & Gabbana,Dolce Gabbana Queen EDP Perfume for Women 3.4 oz Eau de Parfum Spray New Box,Eau de Parfum,38.99,3,122,4756.780000000001,Hong Kong,101.0,Midrange
Ralph Lauren,Romance by Ralph Lauren 3.4 oz EDP Perfume for Women New In Box,Eau de Parfum,45.92,10,3009,138173.28,United States,101.0,Midrange
Chloe,CHLOE Perfume Eau De Parfum EDP Splash Mini 0.16oz 5 ml NEW with Box,Eau de Parfum,12.99,15,36,467.64,United States,5.0,Budget
Lancôme,Lancome Idole Le Parfum  Spray  25ML/0.8 fl OZ New In Box,Eau de Parfum,26.99,10,44,1187.56,United States,24.0,Budget
Jimmy Choo,I Want Choo Forever by Jimmy Choo 3.3 oz EDP Perfume for Women New in Box,Eau de Parfum,58.61,10,770,45129.7,United States,98.0,Midrange
Lancôme,Poeme by Lancome 3.4 oz./ 100 ml. L'eau de Parfum Spray for Women in Sealed Box,Eau de Parfum,86.99,10,1385,120481.15,United States,100.0,Prestige
Victoria's Secret,VICTORIA SECRET TEASE 3.4 oz 100 ml Eau De Parfum Women's Spray,Eau de Parfum,54.0,4,26,1404.0,United States,100.0,Midrange
Natalie,Natalie Wood Signature Fragrance Spray Purse Travel Eau de Parfum Bottle .34 oz,Eau de Parfum,5.99,196,32,191.68,United States,10.0,Budget
Paris Hilton,PARIS HILTON 3.4 / 3.3 oz edp Perfume for Women New in Box,Eau de Parfum,24.39,123,5558,135559.62,United States,98.0,Budget
Calvin Klein,"Calvin Klein Euphoria Eau de Parfum, 1.6 Oz new open box Scuffed",Eau de Parfum,22.99,10,347,7977.53,United States,47.0,Budget
Lattafa,Fakhar Lattafa 3.4 EDP Parfum Perfume for Women New in Box,Eau de Parfum,21.98,10,278,6110.4400000000005,United States,100.0,Budget
Parfums De Marly,"Parfums de Marly Delina La Rosee by Parfums de Marly, 2.5oz EDP Spray  For Women",Eau de Parfum,76.99,2,13,1000.8699999999999,Hong Kong,74.0,Midrange
Coach,Coach Poppy Flower 3.4 oz  100 mL Eau De Parfum Spray Brand New in Box Sealed,Eau de Parfum,28.99,8,152,4406.48,United States,100.0,Budget
Victoria's Secret,Victoria's Secret Bombshell Women's 3.4 fl oz Eau de Parfum NEW IN BOX & SEALED,Eau de Parfum,33.89,9,216,7320.24,United States,101.0,Midrange
Viktor & Rolf,Flowerbomb by Viktor & Rolf 3.4 oz L'Eau de Parfum Spray BRAND NEW SEALED IN BOX,Eau de Parfum,59.99,10,150,8998.5,United States,101.0,Midrange
Kilian,"*YOU PICK!* Kilian LOVE DON'T BE SHY, GOOD GIRL GONE BAD 1.5ml OFFICIAL Samples",Eau de Parfum,8.99,10,344,3092.56,United States,5.0,Budget
Dolce & Gabbana,Dolce & Gabbana DOLCE VIOLET Women Perfume 5ml EDT Splash MINI Travel Size (C61,Eau de Parfum,18.95,8,9,170.54999999999998,United States,5.0,Budget
Clinique,NEW Aromatics Elixir By Clinique For Women. Body Smoother 6.7 oz/200 ml,Body Care,20.79,7,33,686.0699999999999,United States,200.0,Budget
Parfums De Marly,Delina by Parfums de Marly 2.5 oz EDP Perfume for Women New in Box!,Eau de Parfum,89.99,6,7,629.93,United States,74.0,Prestige
Ralph Lauren,Big Pony 2 Fruity Sensual by Ralph Lauren for women EDT 3.3 / 3.4 oz,Eau de Toilette,20.31,8,84,1706.04,United States,101.0,Budget
Juicy Couture,VIVA LA JUICY ROSE COUTURE by Juicy Couture 3.4 oz EDP For Women New in Box,Eau de Parfum,34.6,89,1833,63421.8,United States,101.0,Midrange
Burberry,BURBERRY CLASSIC by Burberry perfume for women EDP 3.3 / 3.4 oz New in Box,Eau de Parfum,38.14,10,725,27651.5,United States,101.0,Midrange
Avon,Avon FAR AWAY Eau De Parfum Perfume Spray 1.7 oz~Free Travel spray,Eau de Parfum,16.89,10,551,9306.39,United States,50.0,Budget
Elizabeth Arden,GREEN TEA CUCUMBER by Elizabeth Arden for Women 3.3 oz 100 ml Eau Toilette Spray,Eau de Toilette,12.95,5,24,310.79999999999995,United States,100.0,Budget
Jimmy Choo,Jimmy Choo Ladies I Want Choo Forever EDP Spray 3.38 oz (Tester) Fragrances,Eau de Parfum,49.81,3,30,1494.3000000000002,United States,100.0,Midrange
Narciso Rodriguez,Narciso Rodriguez for Her 3.3 fl oz Eau De Parfum Spray for Women New In Box,Eau de Parfum,34.99,10,36,1259.64,United States,98.0,Midrange
Chaka By Chaka Khan,Chaka by Chaka Khan Energizing 3.4 oz. EDP-Open Box,Eau de Parfum,29.95,6,19,569.05,United States,101.0,Budget
Thierry Mugler,Alien by Thierry Mugler 3 oz EDP Perfume for Women New In Box,Eau de Parfum,85.56,10,953,81538.68000000001,United States,89.0,Prestige
Chanel,Chanel Chance Eau Fraiche Eau De Parfum 3.4 oz New & Sealed 100% Authentic,Eau de Parfum,119.0,2,7,833.0,United States,101.0,Prestige
Hugo Boss,Deep Red by Hugo Boss Perfume for women 3.0 oz edp New in Box,Eau de Parfum,27.26,32,4977,135673.02000000002,United States,89.0,Budget
Thierry Mugler,Angel by Thierry Mugler 3.4 oz Eau De Parfum Spray Refillable Star New & Sealed,Eau de Parfum,69.99,2,27,1889.7299999999998,United States,101.0,Midrange
Valentino,Valentino DONNA by Valentino for Women 3.4 oz.Eau De Parfum Spray in Sealed Box,Eau de Parfum,99.99,10,5,499.95,Hong Kong,101.0,Prestige
Maison Margiela,Maison Margiela Replica Lazy Sunday Morning Eau de Toilette 3.4 oz New in Box US,Eau de Toilette,48.88,9,51,2492.88,United States,101.0,Midrange
Prada,Prada Candy by Prada 2.7oz / 80ml Eau De Parfum Brand New Sealed in Box,Eau de Parfum,48.99,8,37,1812.63,United States,80.0,Midrange
Marc Jacobs,Marc Jacobs Daisy Wild Eau De Parfum EDP Miniature Splash For Women 4 ml-NIB,Eau de Parfum,28.99,7,3,86.97,United States,4.0,Budget
Maison Alhambra,Glacier Bold EDP Perfume By Maison Alhambra Lattafa 100 ML New Release,Eau de Parfum,37.99,10,16,607.84,United States,100.0,Midrange
Davidoff,Cool Water by Davidoff EDT for Women 3.4 oz / 100 ml *NEW*,Eau de Toilette,20.99,4,20,419.79999999999995,United States,100.0,Budget
Jo Malone,Jo Malone Velvet Rose & Oud Cologne Intense Women's Eau de 3.4 fl oz/100ml,Cologne,86.99,4,6,521.9399999999999,United States,101.0,Prestige
Juicy Couture,VIVA LA JUICY by Juicy Couture perfume for women EDP 3.3 / 3.4 oz New Tester,Eau de Parfum,29.55,408,886,26181.3,United States,101.0,Budget
Lancôme,Set 2 Lancome Perfume La Vie Est Belle Eau de Parfum EDP Travel Size 4ml ea =8ml,Eau de Parfum,9.99,10,65,649.35,United States,4.0,Budget
Thierry Mugler,Aura Mugler by Thierry Mugler Eau de Parfum Miniature Splash Perfume for Women,Eau de Parfum,12.99,10,89,1156.1100000000001,United States,100.0,Budget
Dossier,Dossier FLORAL MARSHMALLOW Eau de Parfum 1.7 Fl oz / 50 mL Perfume NEW IN BOX,Eau de Parfum,26.9,10,150,4035.0,United States,50.0,Budget
Giorgio Armani,Sì Passione by Giorgio Armani For Women 3.4 Oz Eau De Parfum Spray New in Box,Eau de Parfum,44.78,2,11,492.58000000000004,United States,101.0,Midrange
Victoria's Secret,Victoria's Secret Heavenly Perfume Spray Eau de Parfum 3.4 oz 100 ml New Sealed,Eau de Parfum,34.99,9,110,3848.9,United States,100.0,Midrange
Victoria's Secret,BOMBSHELL Victoria's Secret PERFUME 2.5 Oz 75 ml Fine Fragrance Mist Spray WOMEN,Eau de Parfum,14.5,5,17,246.5,United States,75.0,Budget
Huda Beauty,kayali vanilla candy rock sugar | 42 HUDA BEAUTY Sample 1.5ml on card New,Eau de Parfum,14.95,1,17,254.14999999999998,United States,5.0,Budget
Lancôme,Idole by Lancome Eau de Parfum EDP Perfume for Women 2.5 oz New in Box,Eau de Parfum,42.99,2,4,171.96,United States,74.0,Midrange
Parfums De Marly,Parfums deMarly Delina by Parfums de Marly 2.5 ozEau De Parfum Spray For Women,Body Care,100.99,1,15,1514.85,United States,74.0,Prestige
Bellie Eilish,Eilish by Bellie Eilish 3.4 oz / 100 ml EDP Perfume Spray for Women New In Box,Eau de Parfum,49.99,4,38,1899.6200000000001,Hong Kong,100.0,Midrange
Viktor & Rolf,VIKTOR & ROLF FLOWERBOMB EAU DE PARFUM TRAVEL SIZE SPRAY VAIL 0.1FL.OZ/3ML,Eau de Parfum,9.99,10,10,99.9,United States,3.0,Budget
Estée Lauder,Estee Lauder Beautiful 2.5 fl oz Eau de Parfum Factory Sealed New,Eau de Parfum,28.15,1,123,3462.45,United States,74.0,Budget
Lucky,LUCKY YOU by Lucky Brand 3.3 oz / 3.4 oz for Women edt Perfume tester,Eau de Toilette,14.74,117,889,13103.86,United States,98.0,Budget
Ariana Grande,Ariana Grande Cloud Pink 3.4oz Authentic Pink Perfume Spray Sealed,Eau de Parfum,29.99,10,29,869.7099999999999,United States,101.0,Budget
Lancôme,Miracle by Lancome Perfume for Women 3.4 oz edp New In Box,Eau de Parfum,35.99,10,161,5794.39,United States,101.0,Midrange
Givenchy,Hot Couture by Givenchy for Women EDP 3.3 oz - 100 ml *NEW IN SEALED BOX*,Eau de Parfum,49.99,10,230,11497.7,United States,100.0,Midrange
Philosophy,Pure Grace Nude Rose Perfume by Philosophy for Women EDT 2 oz New,Eau de Toilette,19.05,8,42,800.1,United States,59.0,Budget
Ariana Grande,Sweet Like Candy by Ariana Grande EDP Perfume for Women 3.4 oz Brand New Tester,Eau de Parfum,29.54,10,1372,40528.88,United States,101.0,Budget
Carolina Herrera,Carolina Herrera_Good Girl Perfume 2.7 OZ BLACK SHIPS IN 24 HOURS SEALED Mujer,Eau de Parfum,47.8,10,38,1816.3999999999999,United States,80.0,Midrange
Clinique,Roller Ball  Women Aromatics Elixir by Clinique 0.2 oz / 6 ml EDP Perfume Rare,Eau de Parfum,13.95,10,57,795.15,United States,6.0,Budget
Alt Fragrances,"ALT Fragrances - Executive No. 26 EDP (Inspired by Aventus), 3.4 oz / 100 ml",Extrait de Parfum,59.99,10,243,14577.57,United States,100.0,Midrange
Victoria's Secret,VICTORIA'S SECRET Tease Crème Cloud Eau de Parfum 3.4oz 100 ml  Women's Spray,Eau de Parfum,43.0,3,27,1161.0,United States,100.0,Midrange
Giorgio Beverly Hills,GIORGIO by Giorgio Beverly Hills 3 / 3.0 oz EDT Perfume for Women New In Box,Eau de Toilette,22.51,189,3319,74710.69,United States,89.0,Budget
Versace,mini Yellow Diamond by Versace EDT Perfume for Women Brand New In Box,Eau de Toilette,9.92,10,5971,59232.32,United States,100.0,Budget
Givenchy,Amarige by Givenchy 3.3 / 3.4 oz EDT Perfume for Women New In Box,Eau de Toilette,47.65,10,5349,254879.85,United States,101.0,Midrange
Jo Malone,Jo Malone Oud & Bergamot Cologne Intense Spray Women's Eau de 3.4 fl oz/100ml,Cologne,86.99,7,9,782.91,United States,101.0,Prestige
Coach,Coach Dreams Sunset by Coach perfume for women EDP 3.0 oz New in Box,Eau de Parfum,41.58,174,298,12390.84,United States,89.0,Midrange
Britney Spears,MIDNIGHT FANTASY by Britney Spears for Women 3.3 / 3.4 oz edp tester,Eau de Parfum,16.87,36,626,10560.62,United States,101.0,Budget
Gucci,Gucci Guilty Pour Femme by Gucci perfume for Women EDP 3.0 oz New Tester,Eau de Parfum,59.4,50,120,7128.0,United States,89.0,Midrange
Prada,PRADA CANDY BY PRADA 2.7 FL OZ EAU DE PARFUM SPRAY BRAND NEW SEALED IN BOX,Eau de Parfum,43.99,2,121,5322.79,United States,80.0,Midrange
Tom Ford,Lost Cherry Eau de Parfum 3.4 oz / 100ml For Women & Men,Eau de Parfum,69.99,4,7,489.92999999999995,Hong Kong,100.0,Midrange
Chanel,Chanel Coco Mademoiselle Eau de Parfum Sample Spray Vial 1.5ml/0.05oz,Eau de Parfum,12.99,10,32,415.68,United States,5.0,Budget
Juliette Has A Gun,Juliette Has A Gun Not A Perfume Eau De Parfum 5 ml .17 fl oz Travel Size NEW,Eau de Parfum,11.66,2,12,139.92000000000002,United States,5.0,Budget
Juliette Has A Gun,"Not A Perfume by Juliette Has A Gun, 3.3 oz EDP Spray for Women TESTER",Eau de Parfum,43.15,10,561,24207.149999999998,United States,98.0,Midrange
Versace,"Versace Yellow Diamond EDT 3.0oz - Sealed New, Luminous Scent",Eau de Toilette,32.99,6,79,2606.21,United States,89.0,Midrange
Elizabeth Taylor,DIAMONDS AND RUBIES by ELIZABETH TAYLOR 3.3 oz / 3.4 oz edt NEW in Box,Eau de Toilette,15.8,72,2499,39484.200000000004,United States,98.0,Budget
Philosophy,Philosophy Summer Grace 4oz Eau De Toilette Spray Pre-Coty,Eau de Toilette,15.0,5,5,75.0,United States,118.0,Budget
Elizabeth Taylor,Gardenia by Elizabeth Taylor Perfume for Women edp 3.4 oz Brand New In Box,Eau de Parfum,17.52,10,1692,29643.84,United States,101.0,Budget
Ariana Grande,Ariana Grande Cloud Pink Eau de Parfum 3.4 oz 100 ML Brand New & Sealed Box,Eau de Parfum,38.99,8,108,4210.92,United States,100.0,Midrange
Oscar De La Renta,SO DE LA RENTA Oscar 3.3 / 3.4 oz EDT For Women New in Box,Eau de Toilette,19.83,22,1652,32759.159999999996,United States,101.0,Budget
Victoria's Secret,VICTORIAS SECRET TEASE SUGAR FLEUR ROLLERBALL EAU DE PARFUM  .23oz/7ml no box,Eau de Parfum,17.49,17,292,5107.08,United States,7.0,Budget
Elizabeth And James Nirvana,Elizabeth And James Nirvana Amethyst Eau De Parfum Spray For Women 1.7 oz / 50ml,Eau de Parfum,19.12,3,42,803.0400000000001,United States,50.0,Budget
Armaf,"Armaf Club De Nuit Eau De Parfum Spray, Perfume for Women, 3.6 Oz",Eau de Parfum,30.9,3,607,18756.3,United States,106.0,Midrange
Le Labo,"Le Labo Another 13 Eau de Parfum EDP Sample Vial .025oz, .75ml New in Pouch",Eau de Parfum,13.89,5,52,722.28,United States,75.0,Budget
Avon,Avon Haiku REFLECTION eau de parfum spray brand new fresh 1.7 fl oz ea,Eau de Parfum,12.74,10,13,165.62,United States,50.0,Budget
Flower,12 Piece Woman’s Perfume Lot: Assorted scents In 3.4 Oz Bottles,Eau de Parfum,48.0,4,1,48.0,United States,101.0,Midrange
Calvin Klein,Escape by Calvin Klein EDP Perfume for Women 3.4 oz New In Box,Eau de Parfum,26.66,10,17854,475987.64,United States,101.0,Budget
Oscar De La Renta,Oscar by Oscar De La Renta EDT Perfume for Women 3.3 / 3.4 oz New In Box,Eau de Toilette,33.34,8,3466,115556.44000000002,United States,101.0,Midrange
Tom Ford,Tom Ford  Electric Cherry Eau De Parfum EDP Sample Spray 2ml NIB,Eau de Parfum,12.0,4,6,72.0,United States,2.0,Budget
Calvin Klein,CK IN2U HER Calvin Klein perfume edt 3.4 oz 3.3 NEW TESTER,Eau de Toilette,17.57,62,83,1458.31,United States,101.0,Budget
Elizabeth Arden,White Tea by Elizabeth Arden 3.3 / 3.4 oz EDT Perfume for Women Tester,Eau de Toilette,20.0,15,25,500.0,United States,101.0,Budget
Lanvin,Arpege by Lanvin 3.3 / 3.4 oz EDP Perfume for Women NEW In Box,Eau de Parfum,19.99,3,3,59.97,United States,101.0,Budget
Valentino,Donna Born In Roma Yellow Dream by Valentino for her EDP 3.3 / 3.4 oz New in Box,Eau de Parfum,55.99,10,131,7334.6900000000005,Taiwan,101.0,Midrange
Yves Saint Laurent,Yves Saint Laurent Black Opium Eau De Parfum 3 oz/ 90 ml for Women,Eau de Parfum,38.68,10,14,541.52,United States,90.0,Midrange
Parfums Gres,Cabotine Gold by Parfums Gres for women EDT 3.3 / 3.4 oz New in Box,Eau de Toilette,14.45,9,349,5043.05,United States,101.0,Budget
Katy Perry,Indivisible by Katy Perry perfume for Women EDP 3.3 / 3.4 oz New In Box,Eau de Parfum,15.88,1,103,1635.64,United States,101.0,Budget
Clinique,Aromatics Elixir by Clinique 3.4 oz Perfume Spray for Women New In Box,Eau de Parfum,32.13,10,3215,103297.95000000001,United States,101.0,Midrange
Vicki Tiel,Sirene by Vicky Tiel 3.3 / 3.4 oz EDP For Women New in Box,Eau de Parfum,18.99,21,1396,26510.039999999997,United States,101.0,Budget
Moschino,MOSCHINO TOY 2 for Women Mini Perfume 0.17 oz 5 ml Eau de Parfum Splash NEW,Eau de Parfum,9.95,4,135,1343.25,United States,5.0,Budget
Dolce & Gabbana,10 Dolce & Gabbana Light Blue Women .02 oz EDT Spray Boxed Mini/Travel  Vial NEW,Eau de Toilette,20.0,10,26,520.0,United States,1.0,Budget
Vera Wang,VERA WANG Perfume 3.3 / 3.4 oz EDP For Women Spray NEW IN BOX,Eau de Parfum,25.25,71,15897,401399.25,United States,101.0,Budget
Alfred Sung,Sung Perfume by Alfred Sung for Women 3.3 / 3.4 oz EDT New in Box,Eau de Toilette,22.25,51,2048,45568.0,United States,101.0,Budget
Dior,Dior Miss Dior 0.17 fl oz Women's Eau de Parfum,Eau de Parfum,21.99,3,83,1825.1699999999998,United States,5.0,Budget
Versace,Versace Pour Femme Dylan Purple 3.4 oz EDP Perfume for Women New In Box,Eau de Parfum,63.99,10,152,9726.48,United States,101.0,Midrange
Lancôme,Black Opium by Yves Saint Laurent 3.0 oz EDP Perfume for Women,Eau de Parfum,39.95,10,60,2397.0,United States,89.0,Midrange
Unknown,J'adore Eau De Parfum EDP 3.4oz/100ML Spray For Women Authentic Boxed Sealed,Eau de Parfum,49.99,10,4,199.96,Hong Kong,100.0,Midrange
Unknown,Yara by Lattafa Perfumes | Eau De Parfum - 100ml (3.4 fl oz) | - Women.,Eau de Parfum,15.77,300,67,1056.59,China,101.0,Budget
Givenchy,Ange Ou Demon Le Secret By Givenchy EDP For Women 3.3 oz / 100 ml *NEW*,Eau de Parfum,41.99,10,166,6970.34,United States,100.0,Midrange
Jo Malone,"Jo Malone London Cologne Spray ,Travel Size 9ml/0.3oz **Choose Your Scent** NEW",Cologne,17.0,5,968,16456.0,United States,9.0,Budget
Jessica Mcclintock,Jessica McClintock Perfume 1.7 oz EDP For Women New In Box,Eau de Parfum,18.99,73,886,16825.14,United States,50.0,Budget
Victoria's Secret,Victoria's Secret Tease Perfume for Women Eau de Parfum 3.4 oz 100ml New in Box,Eau de Parfum,30.99,10,91,2820.0899999999997,United States,100.0,Midrange
Yves Saint Laurent,Libre by Yves Saint Laurent Eau de Parfum Spray 3 fl oz for Women New In Box,Eau de Parfum,49.99,5,25,1249.75,Hong Kong,89.0,Midrange
Fragonard,Good Girl by Carolina Herrera 2.7 Fl oz Spray Eau De Parfum Women's TESTER,Eau de Parfum,44.99,10,2,89.98,United States,80.0,Midrange
Carolina Herrera,Carolina Herrera Very Good Girl 2.7 oz EDP Bold Red Fruity Perfume Sealed,Eau de Parfum,55.99,5,80,4479.2,United States,80.0,Midrange
Givenchy,L'Interdit by Givenchy Eau De Toilette For Women 2.6 oz / 80 ml *NEW*,Eau de Toilette,41.99,10,39,1637.6100000000001,United States,80.0,Midrange
Paris Hilton,Paris Hilton Perfume 3.4 oz 100ml Eau De Parfum Spray For Women New in Box,Eau de Parfum,24.5,10,20,490.0,United States,100.0,Budget
Philosophy,Philosophy Pure Grace Eau De Parfum EDP Spray for Women  2 oz NEW SEALED BOX,Eau de Parfum,38.99,10,103,4015.9700000000003,United States,59.0,Midrange
Gucci,Gucci Bloom for Her Eau De Parfum 0.16 fl oz 5 ml Mini EDP Travel Splash NWOB,Eau de Parfum,12.49,10,28,349.72,United States,5.0,Budget
Kate Spade New York,In Full Bloom Blush by Kate Spade for Women - 3.4 oz EDP Spray (Tester),Eau de Parfum,14.4,5,73,1051.2,United States,101.0,Budget
Gucci,Gucci Bloom Eau De Parfum 3.4 oz /100ml for Women,Eau de Parfum,69.99,8,53,3709.47,United States,100.0,Midrange
Narciso Rodriguez,Narciso Rodriguez FOR HER 3.3oz 100 ML Eau de Parfum Brand New Sealed In Box,Eau de Parfum,44.99,8,21,944.7900000000001,United States,100.0,Midrange
Narciso Rodriguez,Narciso Rodriguez Narciso Poudree 90ml/3.0 fl oz Regular Size New with box,Eau de Parfum,63.0,1,4,252.0,United States,89.0,Midrange
Victoria's Secret,Victoria's Secret Very Sexy Women's EDP 3.4 oz 100 ml Spray New Sealed,Eau de Parfum,30.99,6,130,4028.7,United States,100.0,Midrange
Spiritual Sky,(2-Pack) Patchouly Musk Scented Oil - Spiritual Sky - 1/4 Ounce Bottle,Others,12.99,10,49,636.51,United States,100.0,Budget
Al Hambra,Reyna Pour Femme EDP  Spray 100ML (3.4 FL.OZ)  Newest Launch Sale,Eau de Parfum,25.99,10,12,311.88,United States,101.0,Budget
Unknown,Woman EDT Spray Perfume 3.4oz New,Eau de Toilette,23.99,10,4,95.96,China,101.0,Budget
Tom Ford,"Tom Ford Soleil Neige Sheer Body Oil, Full Size 1.5oz/45mL , New & Sealed",Body Mist,25.0,5,79,1975.0,United States,45.0,Budget
Giorgio Beverly Hills,RED by GIORGIO BEVERLY HILLS women edt spray Perfume 3.0 oz New,Eau de Toilette,15.42,114,7773,119859.66,United States,89.0,Budget
Lattafa,Yara Tous by Lattafa 3.4 oz EDP Perfume Women New in Box,Eau de Parfum,28.89,10,45,1300.05,United States,101.0,Budget
Ariana Grande,Cloud by Ariana Grande 3.4 oz 100/mL EDP Perfume for Women New In Box SeaLed,Eau de Parfum,33.59,9,559,18776.81,United States,101.0,Midrange
Fragonard,Gucci Bloom EDP 3.3 oz 3.4 oz | Women's Perfume Spray,Eau de Parfum,64.99,1,5,324.95,United States,98.0,Midrange
Victoria's Secret,Victoria's Secret SOL Body Fragrance Mist 250ml/8.4 fl oz,Eau de Parfum,11.88,10,47,558.36,United States,248.0,Budget
Lancôme,Lancome Tresor EDP 3.4 oz Timeless Women's Perfume Spray New in Box,Eau de Parfum,43.99,6,52,2287.48,United States,101.0,Midrange
Perry Ellis,360 by Perry Ellis Perfume 3.3 / 3.4 oz Spray for Women edt NEW IN BOX,Eau de Toilette,25.66,33,6077,155935.82,United States,101.0,Budget
Unknown,Addict by Christian EDP Fragrances for Women 3.4 oz / 100 ml NEW IN SEALED BOX,Eau de Parfum,59.99,10,20,1199.8,Hong Kong,100.0,Midrange
Lancôme,MIRACLE by Lancome EDP for Women 3.4 oz / 100 ml *NEW IN SEALED BOX*,Eau de Parfum,52.99,10,287,15208.130000000001,United States,100.0,Midrange
Carolina Herrera,Good Girl BLUSH by Carolina Herrera 2.7 oz. EDP Spray for Women. New. NO BOX,Eau de Parfum,89.99,10,107,9628.93,United States,80.0,Prestige
J. Del Pozo,Jesus Del Pozo Halloween Perfume for Women 3.4 oz 3.3 Spray New in Box Sealed,Eau de Toilette,26.35,127,984,25928.4,United States,101.0,Budget
Jo Malone,Jo Malone Nectarine Blossom & Honey Cologne Women's Eau de  - 3.4 fl oz/100ml,Cologne,79.99,5,5,399.95,United States,101.0,Midrange
Chanel,Chanel Chance Eau Tendre EDP Eau de Parfume Spray 3.4 Oz 100 Ml (Sealed Box),Eau de Parfum,118.99,6,36,4283.639999999999,United States,100.0,Prestige
Afnan,Mystique Bouquet by Afnan Eau De Parfum Spray for Woman 2.7oz New Sealed Box,Eau de Parfum,41.5,4,17,705.5,United States,80.0,Midrange
Lancôme,Lancome LA VIE EST BELLE Eau de Parfum EDP Perfume 4ml Splash Mini Bottle NWOB,Eau de Parfum,7.95,10,162,1287.9,United States,4.0,Budget
True Religion,True Religion Perfume for Women 3.4 oz 100 ml EDP New in Box,Eau de Parfum,24.98,234,888,22182.24,United States,100.0,Budget
Thierry Mugler,Alien by Thierry Mugler perfume for women EDP 2 / 2.0 oz New in Box,Eau de Parfum,64.54,29,68,4388.72,United States,59.0,Midrange
Lattafa,Lattafa Ladies Haya EDP 3.4 oz Fragrances 6291108738504,Eau de Parfum,34.77,3,9,312.93,United States,101.0,Midrange
Yves Saint Laurent,Yves Saint Laurent Women's Opium 1.6 Oz  Eau de Toilette Spray Brand New Sealed,Eau de Toilette,29.99,10,21,629.79,United States,47.0,Budget
Ariana Grande,Ariana Grande Cloud Pink Perfume 3.4oz EDP Ethereal Bliss Brand New,Eau de Parfum,29.99,9,14,419.85999999999996,United States,101.0,Budget
Viktor & Rolf,Viktor & Rolf Flowerbomb EDP 3.4oz | Explosive Floral Perfume | Sealed,Eau de Parfum,52.99,6,30,1589.7,United States,101.0,Midrange
Lanvin,ECLAT D'ARPEGE by Lanvin 3.3 / 3.4 oz EDP Perfume For Women New tester,Eau de Parfum,24.79,70,757,18766.03,United States,101.0,Budget
Michael Kors,MICHAEL KORS EDP 3.4 Oz Eau De Parfum Spray Women NEW IN BOX SEALED,Eau de Parfum,269.0,1,59,15871.0,United States,101.0,Luxury
Taylor Swift,Taylor Swift Wonderstruck Enchanted 0.05 oz Eau De Parfum Spray Sample Vial,Eau de Parfum,5.5,10,540,2970.0,United States,1.0,Budget
Hermès,Jour D'hermes by Hermes EDP for Women 2.87 oz / 85 ml *NEW IN SEALED BOX*,Eau de Parfum,64.99,10,123,7993.7699999999995,United States,85.0,Midrange
Gucci,Gucci Bloom Perfumed Body Lotion 3.3  fl.oz / 100 ML,Body Care,29.99,6,5,149.95,United States,100.0,Budget
Paco Rabanne,LADY MILLION Paco Rabanne for women perfume EDP 2.7 oz NEW TESTER,Eau de Parfum,50.73,105,1905,96640.65,United States,80.0,Midrange
Elizabeth Arden,White Tea by Elizabeth Arden 3.3 / 3.4 oz EDT Perfume for Women New in Box,Eau de Toilette,26.33,10,2250,59242.49999999999,United States,101.0,Budget
Versace,VERSACE CRYSTAL NOIR by Gianni Versace for women EDT 3.0 oz New in Box,Eau de Toilette,46.44,10,2838,131796.72,United States,89.0,Midrange
Ralph Lauren,Ralph by Ralph Lauren 3.4 oz EDT Perfume for Women TSTR,Eau de Toilette,43.98,7,12,527.76,United States,101.0,Midrange
Kenneth Cole,Reaction for Her by Kenneth Cole 3.3 / 3.4 oz EDP Perfume for Women New In Box,Eau de Parfum,23.97,117,920,22052.399999999998,United States,101.0,Budget
Ouai,OUAI Hair & Body Mist In ST. BARTS 3.3oz / 97ml Full Size NEW RELEASE '24,Eau de Parfum,44.95,2,4,179.8,United States,97.0,Midrange
Dolce & Gabbana,Dolce & Gabbana Light Blue for Women 3.3 oz / 3.4 oz Refreshing EDT New,Eau de Toilette,32.49,6,88,2859.1200000000003,United States,98.0,Midrange
Lancôme,Lot 3 x Lancome Perfume La Vie Est Belle Eau de Parfum EDP Travel Size 4ml =12ml,Eau de Parfum,14.99,10,256,3837.44,United States,4.0,Budget
Escada,Sorbetto Rosso by Escada for women EDT 3.3 / 3.4 oz New In Box,Eau de Toilette,29.26,23,392,11469.92,United States,101.0,Budget
Thierry Mugler,Angel by Thierry Mugler Star Refillable EDP For Women 0.8oz / 25ml *NEW IN BOX*,Eau de Parfum,36.99,10,70,2589.3,United States,25.0,Midrange
Armaf,Tag - Her by Armaf perfume EDP 3.3 / 3.4 oz New In Box,Eau de Parfum,19.1,44,373,7124.3,United States,101.0,Budget
J. Del Pozo,Halloween by Jesus Del Pozo for women EDT 3.3 /3.4 oz New Tester,Eau de Toilette,19.39,33,651,12622.890000000001,United States,101.0,Budget
Gucci,Gucci Bamboo Eau De Parfum Spray 2.5 fl oz New Factory Sealed,Eau de Parfum,31.0,3,112,3472.0,United States,74.0,Midrange
Elizabeth Arden,5TH AVENUE by Elizabeth Arden 4.2 oz EDP for Women New In Box Sealed,Eau de Parfum,23.42,110,536,12553.12,United States,124.0,Budget
Elizabeth Arden,SUNFLOWERS by Elizabeth Arden for women EDT 3.3 / 3.4 oz New in Box,Eau de Toilette,15.31,331,1927,29502.370000000003,United States,101.0,Budget
Unknown,Flora Gorgeous Gardenia By-Gucci Eau De Parfum EDP 3.3 Oz Perfume For Women NIB,Eau de Parfum,52.99,8,8,423.92,United States,98.0,Midrange
Creed,Creed Spring Flower 2.5 oz / 75 ml Eau De Parfum Spray New in Box,Eau de Parfum,174.99,9,14,2449.86,United States,75.0,Luxury
Byredo,Byredo Mojave Ghost Eau de Parfum EDP Spray 3.4 oz / 100 ml Perfume for Unisex,Eau de Parfum,69.99,3,34,2379.66,Hong Kong,100.0,Midrange
Kilian,Good Girl Gone Bad by Kilian 1.7 oz. EDP REFILLABLE Spray Women. New Sealed Box,Eau de Parfum,99.99,1,20,1999.8,United States,50.0,Prestige
Maison Alhambra,DELILAH PERFUME EDP 3.4 OZ BY MAISON ALHAMBRA LATTAFA FOR WOMEN -FREE SHIPING,Eau de Parfum,23.99,10,0,0.0,United States,101.0,Budget
Acqua Di Parma,ACQUA DI PARMA Blu Mediterraneo Mandorlo Di Sicilia 2.5 oz / 2.5 oz 75 ml,Eau de Toilette,50.0,2,14,700.0,United States,75.0,Midrange
Dana,TABU By Dana 2.3 oz/68 ml Eau De Cologne Spary For Women Sealed Pack New In Box,Cologne,15.25,10,104,1586.0,United States,68.0,Budget
Lancôme,Lancome Tresor Women Eau de Parfum 3.4 oz 100 ml New Sealed in Box,Eau de Parfum,43.99,10,40,1759.6000000000001,United States,100.0,Midrange
Jimmy Choo,JIMMY CHOO ILLICIT FLOWER by Jimmy Choo perfume EDT 3.3 / 3.4 oz New in Box,Eau de Toilette,34.43,16,563,19384.09,United States,101.0,Midrange
Moschino,New in Box Women's Perfume Toy 2 by Moschino Eau De Parfum EDP Spray 3.4oz/100ml,Eau de Parfum,37.88,8,8,303.04,United States,100.0,Midrange
Hermès,Un Jardin Sur Le Nil by Hermes EDT for Women 1.6 oz / 50 ml *NEW IN SEALED BOX*,Eau de Toilette,49.99,10,35,1749.65,United States,50.0,Midrange
Estée Lauder,PLEASURES INTENSE by Estee Lauder 3.4 oz edp Perfume for women NEW IN BOX,Eau de Parfum,42.04,413,413,17362.52,United States,101.0,Midrange
Dolce & Gabbana,Dolce and Gabbana Womens Light Blue Fragrance Carded Sample 1.5ml Lot Of 5,Eau de Toilette,10.0,10,110,1100.0,United States,5.0,Budget
Cacharel,NOA by Cacharel Perfume 3.4 oz Spray 3.3 edt New 100 ml,Eau de Toilette,27.06,18,21,568.26,United States,100.0,Budget
Burberry,Burberry Her Blossom Eau De Toilette EDT Perfume Spray for Women 100 ml / 3.3 oz,Eau de Toilette,55.99,3,14,783.86,Canada,100.0,Midrange
Giorgio Armani,Acqua Di Gioia by Giorgio Armani 3.4 oz EDP Perfume for Women New In Box,Eau de Toilette,69.98,10,2663,186356.74000000002,United States,101.0,Midrange
Liz Claiborne,BORA BORA by Liz Claiborne perfume for women EDP 3.4 oz New in Box,Eau de Parfum,17.25,165,2156,37191.0,United States,101.0,Budget
Dolce & Gabbana,Garden by Dolce & Gabbana for Women 1.6oz Eau De Parfum Spray New In Box,Eau de Parfum,29.95,6,13,389.34999999999997,United States,47.0,Budget
MAC,mac turquatic fragrance  perfume .68oz/20ml - NIB - FREE SHIPPING,Eau de Parfum,29.99,7,45,1349.55,United States,20.0,Budget
Yves Saint Laurent,LIBRE By Yves Saint Laurent YSL Eau de Parfum EDP Perfume 3 Oz/90ML for Women,Eau de Parfum,49.99,5,6,299.94,United States,90.0,Midrange
Unknown,NEW WITH BOX For Her Eau De Toilette Narciso_Rodriguez EDT Spray 3.3 Oz Sealed,Eau de Toilette,43.82,5,20,876.4,China,98.0,Midrange
Dossier,Woody Peony Womans Dossier fragrance for Ex Nihilo's Fleur Narcotique 90%  FULL,Eau de Parfum,38.0,2,8,304.0,United States,100.0,Midrange
Cacharel,Anais Anais L'Original by Cacharel 3.4 oz EDT Perfume for Women New In Box,Eau de Toilette,29.97,93,2311,69260.67,United States,101.0,Budget
Dolce & Gabbana,"Light Blue Summer Vibes by Dolce & Gabbana, 3.3 oz EDT Spray for Women",Eau de Toilette,52.39,10,145,7596.55,United States,98.0,Midrange
Sol De Janeiro,"SOL DE JANEIRO Brazilian Crush 68 Perfume Mist 90ml/3oz, Factory sealed, NO Box",Eau de Parfum,21.95,9,85,1865.75,United States,90.0,Budget
Dana,CHANTILLY for WOMEN by DANA * Big Size 3.5 oz (104 ml) EDT Spray * NEW & SEALED,Eau de Toilette,24.95,7,171,4266.45,United States,104.0,Budget
Dossier,Dossier Fruity Almond Eau de Parfum 1.7 Oz Fragrance Perfume NEW IN BOX,Eau de Parfum,18.75,10,29,543.75,United States,50.0,Budget
Robert Piguet,Fracas by Robert Piguet Eau De Parfum 1.7 oz/50ml Spray New No Box,Eau de Parfum,72.0,8,41,2952.0,United States,50.0,Midrange
Giorgio Armani,My Way Intense by Giorgio Armani EDP for Women 1.7 oz / 50ml *NEW IN BOX*,Eau de Parfum,54.99,10,40,2199.6,United States,50.0,Midrange
Hollister,Hollister Wave by Hollister 3.4 oz EDP Perfume for Women Brand New In Box,Eau de Parfum,18.14,10,1966,35663.24,United States,101.0,Budget
Halston,Halston Cologne Spray Perfume for Women 3.4 oz Brand New Tester With Cap,Cologne,14.7,2,169,2484.2999999999997,United States,101.0,Budget
Lancôme,Tresor Midnight Rose by Lancome 2.5 oz. L'Eau de Parfum Spray for Women. New Box,Eau de Parfum,44.99,10,12,539.88,United States,74.0,Midrange
Burberry,Burberry Touch by Burberry perfume for women EDP 3.3 / 3.4 oz New in Box,Eau de Parfum,34.93,1,1947,68008.71,United States,101.0,Midrange
Gloss Moderne,Gloss Moderne Clean Luxury Roll-On Perfume Oil - Universelle - .5oz/15ml,Eau de Parfum,28.9,1,1,28.9,United States,15.0,Budget
Lancôme,"Lancome La Vie Est Belle Little Luxuries Set Parfum,Lotion,Gloss,Blush $55 Value",Eau de Parfum,15.0,10,7,105.0,United States,100.0,Budget
Unknown,Carmina By Creed EDP 75ml 2.5 oz Spray For Women Gifts New In Sealed Box,Eau de Parfum,128.88,10,21,2706.48,Hong Kong,75.0,Prestige
Versace,Mini Versace Crystal Noir by Versace 0.17 oz EDT Perfume for Women New In Box,Eau de Toilette,9.94,10,4775,47463.5,United States,5.0,Budget
Jimmy Choo,JIMMY CHOO by Jimmy Choo 3.3 / 3.4 oz EDP Women NEW IN BOX,Eau de Parfum,38.89,25,1832,71246.48,United States,101.0,Midrange
Unknown,Blooming Bouquet Bydior 3.4oz/ 100ml  EDT Perfume for Women Spray Sealed In Box,Eau de Toilette,74.99,1,6,449.93999999999994,United States,100.0,Midrange
Oscar De La Renta,VOLUPTE by Oscar de la Renta 3.3 / 3.4 oz EDT Perfume For Women New in Box,Eau de Toilette,19.41,15,2436,47282.76,United States,101.0,Budget
Versace,"Versace by Versace, 5 Piece Variety Mini Gift Set for Women New",Gift Set,43.15,10,66,2847.9,United States,100.0,Midrange
Juicy Couture,Viva La Juicy La Fleur by Juicy Couture 5 oz EDT Perfume Women Brand New Tester,Eau de Toilette,27.98,3,204,5707.92,United States,148.0,Budget
Calvin Klein,Ck One Shock for Her by Calvin Klein 6.7/6.8 oz EDT Perfume for Women New In Box,Eau de Toilette,26.15,112,1954,51097.1,United States,201.0,Budget
Coach,Coach Poppy Women's Eau de Parfum Spray 3.4 Oz Fragrance New Sealed,Eau de Parfum,26.0,1,2,52.0,United States,101.0,Budget
Lancôme,TRESOR BY LANCOME 3.4 OZ / 100 ML L'EAU DE PARFUM SPRAY WOMEN'S NEW & SEALED,Eau de Parfum,40.99,1,7,286.93,United States,100.0,Midrange
Justin Bieber,The Key by Justin Bieber 3.4 oz / 100 ml Edp spy perfume for women femme vintage,Eau de Parfum,76.5,10,2,153.0,United States,100.0,Midrange
Revlon,Charlie White by Revlon Eau de Toilette Perfume for Women 3.4 oz New In Box,Eau de Toilette,7.99,8,131,1046.69,United States,101.0,Budget
Unknown,J'adore 3.4 oz/100 ml Eau De Parfum EDP Women Spray Gift For Her New & Sealed,Eau de Parfum,78.99,10,7,552.93,United States,100.0,Midrange
Estée Lauder,Youth Dew by Estee Lauder for Women Bath Oil 2.0 oz / 60 ml New in Box,Body Care,40.0,10,10,400.0,United States,60.0,Midrange
Robert Piguet,Rollerball Fracas by Robert Piguet Eau De Parfum 0.25 oz / 7.5 ml new,Eau de Parfum,29.95,10,14,419.3,United States,5.0,Budget
Maison Alhambra,Tascano Leather by Maison Alhambra for Women 2.7 oz Brand New in Box,Eau de Parfum,21.69,7,3,65.07000000000001,United States,80.0,Budget
Marc Jacobs,DAISY by Marc Jacobs for women EDT 3.3 / 3.4 oz New in Box,Eau de Toilette,57.63,10,430,24780.9,United States,101.0,Midrange
Sarah Jessica Parker,Sarah Jessica Parker Ladies Lovely EDP Spray 6.7 oz Fragrances 5060426150678,Eau de Parfum,27.25,3,9,245.25,United States,198.0,Budget
Jennifer Lopez,Miami Glow by J.LO Jennifer Lopez EDT Perfume for Women 3.4 oz New In Box,Eau de Toilette,23.68,10,1576,37319.68,United States,101.0,Budget
Thierry Mugler,Thierry Mugler Angel Womens EDP 3.4 oz Iconic Luxurious Scent New Sealed,Eau de Parfum,49.99,6,75,3749.25,United States,101.0,Midrange
Lancôme,Lancome Tresor 3.4 oz EDP | Classic Women's Perfume Spray | New in Box,Eau de Parfum,42.99,10,20,859.8000000000001,United States,101.0,Midrange
Robert Piguet,Fracas De Robert Piguet  Edp Spray 3.4oz/100ml New & Unbox Authentic,Eau de Parfum,99.0,5,7,693.0,United States,100.0,Prestige
Ouai,OUAI MELROSE PLACE EAU DE PARFUM 1.5ML NEW IN BAG,Eau de Parfum,7.99,10,73,583.27,United States,5.0,Budget
Clinique,Aromatics Elixir By Clinique For Women. Body Smoother 6.7-Ounces,Body Care,23.0,1,102,2346.0,United States,100.0,Budget
Xerjoff,Xerjoff Casamorati Bouquet Ideale Eau de Parfum 3.4 Oz Spray Regular Size No Box,Eau de Parfum,99.0,1,11,1089.0,United States,101.0,Prestige
Kate Spade,"Bloom by Kate Spade, 3.3 oz EDT Spray for Women",Eau de Toilette,34.36,10,28,962.0799999999999,United States,98.0,Midrange
Lancôme,Idole by Lancome Eau de Parfum EDP Perfume for Women 2.5 oz New in Box,Eau de Parfum,44.98,10,23,1034.54,United States,74.0,Midrange
Unknown,100ML Marc Jacobs Daisy by Marc Jacobs 3.4 oz EDT Perfume for Women New In Box,Eau de Toilette,42.88,10,34,1457.92,United States,100.0,Midrange
Kenzo,Kenzo Jungle Elephant by Kenzo EDP For Women 3.4 oz / 100 ml *NEW IN BOX*,Eau de Parfum,38.99,10,57,2222.4300000000003,United States,100.0,Midrange
Dolce & Gabbana,Dolce & Gabbana Light Blue 3.3 /3.4 oz Women’s Eau de Toilette EDT Spray NEW!!,Eau de Toilette,28.6,10,145,4147.0,United States,101.0,Budget
Jimmy Choo,Jimmy Choo Mini Set Gift Set Fragrances 3386460140898,Eau de Parfum,45.11,3,15,676.65,United States,100.0,Midrange
Versace,VERSACE EROS POUR FEMME 3.3 / 3.4 oz EDP Perfume For Women New Tester,Eau de Parfum,50.07,62,1522,76206.54,United States,101.0,Midrange
Zara,Zara Hello kitty Eau De Toilette 1.69 fl oz/50ml Perfume Fragrance Spray,Eau de Toilette,24.99,7,3,74.97,United States,50.0,Budget
Victoria's Secret,Victoria's Secret Bombshell Sundrenched Eau De Parfum 3.4 Fl Oz Edp Perfume New,Eau de Parfum,59.99,4,0,0.0,United States,101.0,Midrange
Al Wataniah,Nadine EDP Perfume By Al Wataniah 100 ML:🥇Hot New Super Rich Fragrance🥇,Eau de Parfum,34.95,2,16,559.2,United States,100.0,Midrange
Ralph Lauren,Romance by Ralph Lauren 3.4 oz EDP Perfume for Women New In Box,Eau de Parfum,46.94,10,32,1502.08,United States,101.0,Midrange
Jennifer Lopez,LIVE LUXE by JLO Jennifer Lopez 3.3 oz / 3.4 oz Perfume New Unboxed,Eau de Parfum,17.99,38,549,9876.509999999998,United States,98.0,Budget
Calvin Klein,"Eternity Summer Daze by Calvin Klein, 3.3 oz EDP Spray for Women",Eau de Parfum,29.0,5,126,3654.0,United States,98.0,Budget
Juliette Has A Gun,2x Juliette has a gun not a perfume sample vial 1.7Ml/0.057floz each,Eau de Parfum,11.99,2,8,95.92,United States,2.0,Budget
Jo Malone,Jo Malone Tuberose Angelica Cologne Intense Women's Eau de 3.4 fl oz/100ml,Cologne,86.99,3,7,608.93,United States,101.0,Prestige
Yardley London,LILY OF THE VALLEY by Yardley London perfume for women EDT 4.2 oz New in Box,Eau de Toilette,14.45,22,47,679.15,United States,124.0,Budget
Narciso Rodriguez,Narciso Rodriguez for her 3.3 fl. oz. / 100 ml Eau de Parfum Women's Fragrances,Eau de Parfum,50.0,2,4,200.0,United States,98.0,Midrange
Pure Romance,Pure Romance- Dirty French Perfume Infused With Pheromones- new and sealed!,Eau de Parfum,50.0,8,271,13550.0,United States,100.0,Midrange
Jo Malone,Jo Malone Amber & Patchouli Cologne Intense Spray Women's Eau de 3.4 fl oz/100ml,Cologne,86.99,6,4,347.96,United States,101.0,Prestige
Guess,Guess Girl by Guess 3.4 oz EDT Perfume for Women New In Box,Eau de Toilette,20.67,10,5628,116330.76000000001,United States,101.0,Budget
Tous,Tous Touch by Tous for Women EDT 3.3 / 3.4 oz Tester with Cap,Eau de Toilette,21.64,31,337,7292.68,United States,101.0,Budget
Unknown,J'adore Eau De Parfum 3.4 oz / 100 ml Spray For Women New In Box,Eau de Parfum,59.99,10,8,479.92,Hong Kong,100.0,Midrange
Coach,Coach Love 3 oz EDP Perfume for Women New In Box,Eau de Parfum,56.97,10,254,14470.38,United States,89.0,Midrange
Donna Karan,Cashmere Mist by Donna Karan 3.4 oz / 100ml Women Eau de Parfum Brand New Sealed,Eau de Parfum,29.89,10,339,10132.710000000001,United States,100.0,Budget
Perfumer'S Workshop,Tea Rose by Perfumer's Workshop 4.0 / 4 oz EDT For Women New In Box,Eau de Toilette,13.76,86,4492,61809.92,United States,118.0,Budget
Unknown,FLOROA Gorgeous Gardenia 3.3 oz / 100ml Eau De Perfume EDP for Women New In Box,Eau de Parfum,49.99,5,69,3449.31,Hong Kong,100.0,Midrange
Burberry,"Burberry Goddess Eau de Parfum EDP Sample Spray .05oz, 1.5ml New in Card",Eau de Parfum,9.89,4,103,1018.6700000000001,United States,5.0,Budget
Lattafa,YARA Rollon Perfume Oil By Lattafa 10 ML:🥇Hot New Oil Top Tier Bestseller🥇,Eau de Parfum,11.99,1,423,5071.77,United States,10.0,Budget
Boucheron,Boucheron by Boucheron 3.3 3.4 oz EDT Perfume for Women New In Box,Eau de Toilette,24.74,10,2761,68307.14,United States,101.0,Budget
Unknown,J'adore Eau De Parfum  3.4 oz EDP Spray Gift For Women New Sealed 100 ml,Eau de Parfum,71.41,5,27,1928.07,Hong Kong,100.0,Midrange
Yves Saint Laurent,Yves Saint Laurent Libre YSL Eau de Parfum Spray 3 fl oz for Women New With Box,Eau de Parfum,59.99,4,26,1559.74,Hong Kong,89.0,Midrange
Unknown,For J'adore D'eau 3.4 oz Eau De Parfums EDP Women Spray New In Sealed,Eau de Parfum,80.99,10,4,323.96,Hong Kong,101.0,Prestige
Cacharel,Anais Anais L'Original by Cacharel 3.4 oz EDT Perfume for Women Brand New,Eau de Toilette,24.04,10,221,5312.84,United States,101.0,Budget
Juicy Couture,Couture Couture by Juicy Couture perfume for women EDP 3.3 / 3.4 oz New in Box,Eau de Parfum,28.68,145,2188,62751.84,United States,101.0,Budget
Jo Malone,Jo Malone Wood Sage & Sea Salt 1 fl oz No Box Eau de Cologne Spray Regular Size,Cologne,34.99,3,12,419.88,United States,30.0,Midrange
Versace,Versace Ladies Versace Woman EDP Spray 1.7 oz (Tester) Fragrances 8018365250277,Eau de Parfum,15.99,3,3,47.97,United States,50.0,Budget
Burberry,Her by Burberry Elixir De Parfum 0.33oz/10ml Spray New With Box,Extrait de Parfum,27.99,10,21,587.79,United States,10.0,Budget
Ariana Grande,Ariana Grande Cloud Pink 3.4oz EDP Women's Perfume New Sealed,Eau de Parfum,29.99,6,11,329.89,United States,101.0,Budget
Christian Audigier,ED HARDY Love & Luck by Christian Audigier 3.3 / 3.4 oz EDP For Women New in Box,Eau de Parfum,20.25,120,2996,60669.0,United States,101.0,Budget
Clinique,"Clinique Calyx Exhilerating Fragrance Eau de Parfum Spray 1.7oz 50ml, New In Box",Eau de Parfum,42.0,1,11,462.0,United States,50.0,Midrange
Sean John,Sean John Unforgivable Women's Body Mist 8 oz - Irresistibly Fresh Perfume Spray,Body Mist,6.99,1,6,41.94,United States,237.0,Budget
Jo Malone,Jo Malone Red Roses Cologne Intense Spray Women's Eau de  - 3.4 fl oz/100ml,Cologne,79.99,4,6,479.93999999999994,United States,101.0,Midrange
Bvlgari,Omnia Coral by Bvlgari Omnia Coral 2.2 oz EDT Perfume for Women New In Box,Eau de Toilette,32.88,7,36,1183.68,Hong Kong,65.0,Midrange
Versace,Versace Pour Femme Dylan Blue 3.4 oz EDP Perfume for Women New In Box,Eau de Parfum,55.73,10,742,41351.659999999996,United States,101.0,Midrange
Elizabeth Arden,5TH AVENUE NYC by Elizabeth Arden Perfume Women 4.2 oz edp NEW IN BOX,Eau de Parfum,16.82,38,263,4423.66,United States,124.0,Budget
Viktor & Rolf,Viktor & Rolf Flowerbomb Tiger Lily EDP 0.34oz/10ml. New In Box.,Eau de Parfum,26.99,10,65,1754.35,United States,10.0,Budget
Liz Claiborne,CURVE by Liz Claiborne 3.4 / 3.3 oz edt Perfume for women New in Can,Eau de Toilette,18.35,67,1926,35342.100000000006,United States,98.0,Budget
Jo Malone,Jo Malone Perfume Sample Vials 1.5ml - Choose Your Scent Combined Shipping,Cologne,4.95,10,3954,19572.3,United States,5.0,Budget
Taylor Swift,Wonderstruck Enchanted ByTaylor Swift .17oz/5ml Edp Splash Mini  Same As Picture,Eau de Parfum,19.9,1,41,815.9,United States,5.0,Budget
Adam Levine,Adam Levine by Adam Levine 3.4 oz EDP Perfume for Women New In Box,Eau de Parfum,9.99,10,44,439.56,United States,101.0,Budget
Dolce & Gabbana,DOLCE & GABBANA Devotion Eau de Parfum Miniature Perfume in Box  .17 oz MINI,Eau de Parfum,19.95,1,5,99.75,United States,5.0,Budget
Hermès,Un Jardin Sur Le Toit by Hermes 3.3 oz EDT Spray for Women Eau de Toilette New,Eau de Toilette,49.99,2,25,1249.75,Hong Kong,98.0,Midrange
Alfred Sung,FOREVER by Alfred Sung for Women Perfume 4.2 oz New in Box,Eau de Parfum,16.93,52,1516,25665.88,United States,124.0,Budget
Versace,Versace Dylan Turquoise Eau de Toilette Travel Spray NIB 0.33 oz / 10 ml,Eau de Toilette,19.99,10,37,739.63,United States,10.0,Budget
Dolce & Gabbana,Dolce & Gabbana Light Blue  3.3 oz / 3.4 oz EDT Spray for Women Brand New Sealed,Eau de Parfum,29.95,9,9,269.55,United States,98.0,Budget
Dolce & Gabbana,Dolce & Gabbana Light Blue Summer Vibes Eau de Toilette Sample Spray 1.5ml New,Eau de Toilette,11.95,10,73,872.3499999999999,United States,5.0,Budget
Zara,2 ZARA Red Temptation Spray  They Maybe Expired Strong Alcohol Smell NO RETURNS!,Eau de Parfum,15.0,5,10,150.0,United States,100.0,Budget
Vera Wang,Flower Princess by Vera Wang for women EDT 3.3 / 3.4 oz New Tester,Eau de Toilette,19.54,19,288,5627.5199999999995,United States,101.0,Budget
Parfums De Marly,PARFUMS de MARLY DELINA for WOMEN 2.5 oz (75ml) EDP Spray NEW in BOX & SEALED,Eau de Parfum,150.0,3,1,150.0,United States,75.0,Prestige
Carolina Herrera,Good Girl by Carolina Herrera 2.7 oz Eau De Parfum Spray Women's New & Sealed,Eau de Parfum,44.49,9,5,222.45000000000002,United States,80.0,Midrange
Unknown,Y*S*L Libre 3 oz / 90 ml EDP Perfume Spray for Women Gift for her New in Box,Eau de Parfum,59.99,5,30,1799.7,Hong Kong,90.0,Midrange
Dolce & Gabbana,Light Blue by Dolce & Gabbana 3.3 oz Women's Eau de Toilette Spray New & Sealed,Eau de Toilette,32.49,10,226,7342.740000000001,United States,98.0,Midrange
Al Rehab,Choco Musk - Al-Rehab Eau De Spray Perfume (50 ml/1.65 fl. oz)-  PACK OF 2,Eau de Parfum,14.9,5,5,74.5,United States,49.0,Budget
Jean Couturier,CORIANDRE by JEAN COUTURIER for Women 30ml-1oz Eau de Toilette Spray (BQ22,Eau de Toilette,21.95,5,0,0.0,United States,30.0,Budget
Victoria's Secret,"Bombshell by Victoria's Secret 3.4 Oz – Eau De Parfum Spray, Fresh & Sealed",Eau de Parfum,33.99,10,80,2719.2000000000003,United States,101.0,Midrange
Estée Lauder,BEAUTIFUL by Estee Lauder 2.5 oz edp Perfume for women New in Box,Eau de Parfum,29.49,10,458,13506.42,United States,74.0,Budget
Chopard,Casmir by Chopard for Women - 3.4 oz EDP Spray,Eau de Parfum,31.23,50,101,3154.23,United States,101.0,Midrange
Versace,Mini Versace Eros Pour Femme 0.17 oz EDT Perfume for Women New In Box,Eau de Toilette,8.98,6,64,574.72,United States,5.0,Budget
Versace,Versace Yellow Diamond Perfume for Women EDT 3.0 oz 90 ml New in Box,Eau de Toilette,37.99,10,147,5584.530000000001,United States,90.0,Midrange
Givenchy,Givenchy Irresistible Rose Velvet 2.7 oz. Eau De Parfum Spray New in Sealed Box,Eau de Parfum,43.99,10,24,1055.76,Taiwan,80.0,Midrange
Change For Women,Chance Eau de Perfume Natural spray for women 3.4 oz/ 100 ml,Eau de Parfum,18.99,1,2,37.98,United States,100.0,Budget
Le Labo,Le Labo Santal 33 Eau de Parfum Sample Spray Vial .05 oz /1.5 ml  New authentic,Eau de Parfum,14.75,10,119,1755.25,United States,5.0,Budget
Juicy Couture,Viva La Juicy Sucre by Juicy Couture 3.4 oz EDP Perfume for Women New In Box,Eau de Parfum,59.32,10,119,7059.08,United States,101.0,Midrange
Creed,Creed Queen Of Silk Eau De Parfum EDP 2.5oz / 75ml New 2024,Eau de Parfum,285.0,8,5,1425.0,United States,75.0,Luxury
Unknown,MOTHER'S DAY SALE DG YSL GUESS KENZO  BURBERRY ARMANI LACOSTE CACHERAL MOSCHINO+,Gift Set,13.37,92,7,93.58999999999999,United States,100.0,Budget
Versace,Versace Bright Crystal 3.0 fl oz/90ml Eau de Toilette Spray for Women New In Box,Eau de Toilette,38.49,10,81,3117.69,United States,89.0,Midrange
Calvin Klein,CK Beauty by Calvin Klein 3.3 / 3.4 oz EDP Perfume for Women New In Box,Eau de Parfum,25.98,10,5255,136524.9,United States,101.0,Budget
Al-Rehab,Soft - Al-Rehab Eau De Natural Perfume Spray - 35 ml (1.15 fl. oz),Perfume Spray,9.25,10,30,277.5,United States,34.0,Budget
Estée Lauder,Estee Lauder Bronze Goddess Skinscent Perfume Sample Spray 0.05 oz. / 1.5 ml New,Eau de Parfum,11.95,3,7,83.64999999999999,United States,5.0,Budget
Tiziana Terenzi,Atlantide by Tiziana Terenzi 1.5ml Vial Spray New Factory Sealed,Eau de Parfum,13.0,1,5,65.0,United States,5.0,Budget
Juliette Has A Gun,Not a Perfume By Juliette Has A Gun Eau De Parfum Spray 3.3 oz 100ml For Women,Eau de Parfum,42.99,10,32,1375.68,United States,100.0,Midrange
Hermès,Un Jardin Sur La Lagune By Hermes EDT For Women 3.3 oz / 100 ml *NEW IN BOX*,Eau de Toilette,67.99,10,110,7478.9,United States,100.0,Midrange
Prada,PRADA CANDY BY PRADA 2.7 FL OZ EAU DE PARFUM SPRAY NEW & SEALED,Eau de Parfum,44.99,2,114,5128.860000000001,United States,80.0,Midrange
Alfred Sung,TESTER SUNG * Alfred Sung * Perfume for Women * 3.4 oz * BRAND NEW,Eau de Toilette,16.2,10,2472,40046.4,United States,101.0,Budget
Lanvin,Eclat D'Arpege by Lanvin 3.3 / 3.4 oz EDP Perfume for Women New In Box,Eau de Parfum,31.41,10,5107,160410.87,United States,101.0,Midrange
Ariana Grande,Ariana Grande Cloud PINK EDP - Dreamy Vanilla Scent 3.4oz Sealed,Eau de Parfum,29.99,6,9,269.90999999999997,United States,101.0,Budget
Cacharel,Noa by Cacharel for Women Eau de Toilette Spray - 1 fl oz - SPRING SALE !,Eau de Toilette,20.0,10,79,1580.0,United States,30.0,Budget
Tory Burch,Tory Burch Signature Eau de Parfum  0.2oz / 6ml  Rollerball  NEW,Eau de Parfum,19.95,4,27,538.65,United States,6.0,Budget
Jo Malone,Jo Malone English Pear & Freesia Cologne EDC Perfume for Women With Sealed Box,Cologne,49.99,7,122,6098.780000000001,Canada,100.0,Midrange
Jo Malone,Jo Malone Peony & Blush Suede Cologne Spray Women's Eau de  - 3.4 fl oz/100ml,Cologne,79.99,9,1,79.99,United States,101.0,Midrange
Yves Saint Laurent,Yves Saint Laurent Black Opium Women's Perfume EDP 3.0 oz 90 ml Sealed New,Eau de Parfum,45.99,1,27,1241.73,United States,90.0,Midrange
Miraclelayer,Miraclelayer CETALOX  EDP 50ml (a real perfume),Eau de Parfum,27.0,10,61,1647.0,United States,50.0,Budget
Ouai,OUAI North Bondi Eau de Parfume .34 oz/ 10ml - Brand New,Eau de Parfum,22.99,7,39,896.6099999999999,United States,10.0,Budget
Fragrance Couture,"""La Vida Bella  For Women Eau De Parfum By Fragrance Couture 3.4",Eau de Parfum,13.99,10,34,475.66,United States,100.0,Budget
Lancôme,La Vie Est Belle IRIS ABSOLU by Lancome 3.4 oz L'Eau de Parfum Spray New In Box,Eau de Parfum,61.99,4,49,3037.51,Hong Kong,101.0,Midrange
Parfums De Marly,PARFUMS de MARLY DELINA for WOMEN 2.5 oz (75ml) EDP Spray NEW,Eau de Parfum,99.99,2,19,1899.81,United States,75.0,Prestige
Valentino,New Valentino Donna Born In Roma Intense 3.4 oz EDP Intense Spray For Women,Eau de Parfum,99.99,1,19,1899.81,United States,101.0,Prestige
Coach,"Coach New York Eau de Parfum, Perfume for Women .15 oz Mini, Splash",Eau de Parfum,13.95,10,24,334.79999999999995,United States,4.0,Budget
Chanel,Chanel Coromandel Les Exclusifs Eau De Parfum Mini Splash Bottle 4ml NIB,Eau de Parfum,31.95,10,196,6262.2,United States,4.0,Midrange
Dolce & Gabbana,"Light Blue by Dolce & Gabbana, 3.3 oz EDT Spray for Women",Eau de Toilette,49.51,10,635,31438.85,United States,98.0,Midrange
One Direction,Our Moment by One Direction 3.4 oz / 100 ml Edp spy perfume for women femme,Eau de Parfum,59.5,10,3,178.5,United States,100.0,Midrange
Parfums De Marly,Valaya Parfums de Marly for women  2.5 oz/75 ml Eau de Parfum New In Box,Eau de Parfum,99.99,2,12,1199.8799999999999,United States,75.0,Prestige
Gucci,Gucci Bamboo 2.5 oz EDP Elegant Perfume for Women Floral Fragrance Sealed,Eau de Parfum,54.99,10,31,1704.69,United States,74.0,Midrange
Mancera,Sicily by Mancera 4 oz EDP Perfume for Men Women Unisex Brand New in Box,Eau de Parfum,69.58,10,104,7236.32,United States,118.0,Midrange
Montale,"Montale Chocolate Greedy by Montale, 3.4 oz EDP Spray for Unisex",Eau de Parfum,59.23,10,51,3020.73,United States,101.0,Midrange
Thierry Mugler,Thierry Mugler Angel Women's EDP 3.4oz Scent Spray New,Eau de Parfum,49.99,5,17,849.83,United States,101.0,Midrange
Tom Ford,TOM FORD SOLEIL BLANC SHIMMERING BODY OIL GOLD - 1.5 OZ - NEW,Body Mist,34.99,9,30,1049.7,United States,44.0,Midrange
Michael Kors,Michael Kors Sexy Blossom for Women EDP Spray 3.4 oz / 100 ml New In Box,Eau de Parfum,35.79,3,110,3936.9,United States,100.0,Midrange
Lattafa,Rave Now Women EDP Perfume By Rave Lattafa 100 ML🥇Gift Rich Amazing Fragrance🥇,Eau de Parfum,30.89,8,8,247.12,United States,100.0,Midrange
Parfums De Marly,Valaya Parfums de Marly for women  2.5 oz/75 ml Eau de Parfum Spray New In Box,Eau de Parfum,99.99,1,10,999.9,United States,75.0,Prestige
Armaf,ARMAF OMBRE OUD INTENSE 3.4 FL. OZ / 100 ML EAU DE PARFUM FOR MEN,Eau de Parfum,99.95,10,79,7896.05,United States,101.0,Prestige
Prince Matchabelli,Wind Song by Prince Matchabelli 4 oz Dusting Powder for Women New In Box,Body Care,14.94,3,1454,21722.76,United States,118.0,Budget
Givenchy,Ysatis By Givenchy Eau de Toilette for Women 3.3 oz / 100 ml *NEW IN SEALED BOX*,Eau de Toilette,49.99,10,43,2149.57,United States,100.0,Midrange
Lattafa,Yara Tous by Lattafa perfume for Women EDP 3.4 oz New In Box,Eau de Parfum,29.06,103,152,4417.12,United States,101.0,Budget
Giardini Di Toscana,Bianco Latte EDP by Giardini Di Toscana  100 Ml Missing Two Sprays,Eau de Parfum,140.0,10,0,0.0,United States,100.0,Prestige
Unknown,"Women Designer Perfume Vials Samples Choose Scents, Combined Shipping & Discount",Eau de Parfum,1.99,10,4912,9774.88,United States,100.0,Budget
Kilian,Good Girl Gone Bad By Kilian 50 ml/ 1.7oz Eau de Parfum Spray NEW SEALED,Eau de Parfum,54.99,4,4,219.96,Hong Kong,50.0,Midrange
Jessica Simpson,Fancy by Jessica Simpson 3.4 oz EDP Perfume for Women New In Box,Eau de Parfum,26.14,10,2724,71205.36,United States,101.0,Budget
Carolina Herrera,Carolina Herrera Good Girl EDP Supreme 1.5ml .05fl oz x 4 Perfume Spray Samples,Eau de Parfum,13.75,10,52,715.0,United States,1.0,Budget
Ariana Grande,"NEW Ariana Grande 4 Piece  Body Spray Coffret, 1.7 Ounce. FREE SHIPPING",Gift Set,17.99,5,17,305.83,United States,100.0,Budget
Juicy Couture,Juicy Couture By Juicy Couture Eau De Parfum Spray  Perfume Authentic 1 oz,Eau de Parfum,14.99,10,5,74.95,United States,30.0,Budget
Elizabeth Arden,BLUE GRASS by Elizabeth Arden 3.3 oz edp New in Box Sealed,Eau de Parfum,16.3,159,1053,17163.9,United States,98.0,Budget
Victoria's Secret,Victoria Secret Bombshell Fragrance Mist 250ml-FREE SHIPPING,Eau de Parfum,18.04,10,3,54.12,United States,250.0,Budget
Hermès,Twilly d'Hermes 7.5ml EDP Mini Splash (New with box),Eau de Parfum,13.88,10,68,943.84,United States,5.0,Budget
Love Luxe Beauty,Kuromi  Perfume,Eau de Parfum,15.0,4,1,15.0,United States,100.0,Budget
Ariana Grande,Ariana Grande Cloud Pink Eau de Parfum 3.4 oz 100 ML Brand New & Sealed Box,Eau de Parfum,32.99,9,83,2738.17,United States,100.0,Midrange
Giorgio Armani,My Way by Giorgio Armani 3oz 90ml EDP Perfume for Women New In Box USA,Eau de Parfum,49.99,2,54,2699.46,Canada,90.0,Midrange
Thierry Mugler,THIERRY MUGLER AURA MUGLER EAU DE TOILETTE REFILLABLE SPRAY 30 ML/ 1.0 FL OZ,Eau de Toilette,40.0,5,1,40.0,United States,30.0,Midrange
Tru Fragrance,Tru Fragrance Strawberry Icing Perfume EDP 3.4 oz FREE SHIPPING,Eau de Parfum,29.95,1,1,29.95,United States,101.0,Budget
Dossier,Dossier MUSKY MUSK Eau de Parfum 1.7 Fl oz / 50 mL Perfume NEW IN BOX,Eau de Parfum,20.0,10,0,0.0,United States,50.0,Budget
Burberry,Burberry Weekend by Burberry 3.3 / 3.4 oz EDP Perfume For Women New In Box,Eau de Parfum,34.09,252,1429,48714.61000000001,United States,101.0,Midrange
Givenchy,Givenchy Irresistible Eau De Parfume 2.7 Oz. 80ML Spray for Women NEW IN BOX,Eau de Parfum,55.63,10,57,3170.9100000000003,Hong Kong,80.0,Midrange
Hugo Boss,Deep Red by Hugo Boss EDP Perfume for Women 3.0 oz Brand New In Box,Eau de Parfum,27.25,10,3555,96873.75,United States,89.0,Budget
Sabrina Carpenter,Sweet Tooth by Sabrina Carpenter Perfume Women 2.5 oz New without Box & Cap,Eau de Parfum,29.99,10,17,509.83,United States,74.0,Budget
Perry Ellis,360 PURPLE Perry Ellis Women 3.4 oz 3.3 edp perfume spray NEW IN BOX,Eau de Parfum,25.47,96,1616,41159.52,United States,101.0,Budget
Nest,Assorted Nest Perfume Oil .10 Fl Oz /3ML Rollerball Each New,Eau de Parfum,9.99,8,139,1388.6100000000001,United States,3.0,Budget
Guess,Guess Seductive Red by Guess for women EDT 2.5 oz new in Box,Eau de Toilette,22.95,20,294,6747.3,United States,74.0,Budget
Evyan,White Shoulders 4.5 oz Perfume for Women Eau de Cologne Spray New In Box,Cologne,18.62,10,2477,46121.740000000005,United States,133.0,Budget
Gucci,Gucci Rush by Gucci EDT Perfume for Women 2.5 oz Brand New Tester,Eau de Toilette,64.94,10,1613,104748.22,United States,74.0,Midrange
Avon,2 PCS.SET Avon sweet honesty cologne PERFUME Spray 1.7 oz/With TRAVEL SPRAY,Cologne,14.89,6,30,446.70000000000005,United States,50.0,Budget
Jo Malone,Jo Malone Lime Basil & Mandarin Cologne Spray Women's Eau de  - 3.4 fl oz/100ml,Cologne,79.99,8,2,159.98,United States,101.0,Midrange
Britney Spears,Hidden Fantasy by Britney Spears 3.3 / 3.4 oz EDP For Women NEW IN BOX,Eau de Parfum,19.24,7,1337,25723.879999999997,United States,101.0,Budget
Elizabeth Taylor,"Elizabeth Taylor Perfume Gift Set, White Diamonds , 2 Pieces",Eau de Parfum,18.87,1,1,18.87,United States,100.0,Budget
Kim Kardashian,Pure Honey by Kim Kardashian perfume for women EDP 3.3 / 3.4 oz New in Box,Eau de Parfum,19.53,47,537,10487.61,United States,101.0,Budget
Prada,PRADA Paradoxe by Prada EDP 3.0oz/90ml Spray Perfume for Women New In Box USA,Eau de Parfum,54.42,1,34,1850.28,Hong Kong,90.0,Midrange
Sarah Jessica Parker,Lovely Jessica Parker 2pc Gift Set 3.4oz Perfume + Body Lotion 6.7oz~damaged box,Eau de Parfum,25.99,13,39,1013.6099999999999,United States,101.0,Budget
Dolce & Gabbana,Dolce & Gabbana Light Blue EDT 3.3 oz 3.4 oz Crisp Refreshing Women's Scent,Eau de Parfum,32.49,6,18,584.82,United States,98.0,Midrange
Lanvin,ARPEGE by Lanvin 3.3 / 3.4 oz EDP For Women New in Box Sealed,Eau de Parfum,24.77,200,1585,39260.45,United States,101.0,Budget
Chanel,Coco Mademoiselle Eau De Parfum Perfume Sample Vial Travel 1.5 Ml/0.05 Oz by Par,Eau de Parfum,18.76,4,229,4296.04,United States,5.0,Budget
Valentino,Valentino Donna Born in Roma Intense EDP Spray For Women 100ml/3.4oz,Eau de Parfum,100.99,1,10,1009.9,United States,100.0,Prestige
Britney Spears,CURIOUS Britney Spears women perfume edp 3.3 oz. 3.4 NEW IN BOX,Eau de Parfum,18.9,245,3860,72954.0,United States,98.0,Budget
Sarah Jessica Parker,LOVELY by Sarah Jessica Parker Perfume for Women 3.4 oz 100 ml EDP Spray NEW,Eau de Parfum,19.95,1,915,18254.25,United States,100.0,Budget
Parfums Grès,CABOTINE ROSE PARFUMS GRES for Women 3.3 edt 3.4 oz  Spray New in Box,Eau de Toilette,14.49,45,506,7331.9400000000005,United States,101.0,Budget
Unknown,Men's cologne Perfume Sampler fragrance designer Travel-Size 10PCS sampler set,Eau de Parfum,9.99,6,4,39.96,United States,100.0,Budget
Clinique,"Happy by Clinique, 3.4 oz Perfume Spray for Women",Eau de Parfum,26.12,10,235,6138.2,United States,101.0,Budget
Elizabeth Arden,PRETTY Elizabeth Arden Women Perfume 3.3 / 3.4 oz EDP New tester,Eau de Parfum,15.27,28,126,1924.02,United States,101.0,Budget
Thierry Mugler,Angel for Women by Thierry Mugler Eau de Parfum Spray 0.23 FL OZ / 7 ML,Eau de Parfum,18.0,10,24,432.0,United States,7.0,Budget
Lanvin,Jeanne Lanvin By Lanvin Paris Eau De Parfum Natural Spray 3.3 fl oz,Eau de Parfum,12.99,10,43,558.57,United States,98.0,Budget
Designer Series,Perfumes for women La Vida Bella  100Ml 3.4fl.oz Long Lasting Natural Spray,Eau de Parfum,13.99,10,10,139.9,United States,101.0,Budget
Michael Kors,Michael Kors sparkling blush Eau De Parfum Spray  - 0.34oz/10mL - NIB,Eau de Parfum,19.88,10,11,218.67999999999998,United States,10.0,Budget
Clinique,Clinique Aromatics Elixir EDP Spray 1.5 Oz Women Sealed,Eau de Parfum,24.02,10,20,480.4,United States,44.0,Budget
Paloma Picasso,Paloma Picasso by Paloma Picasso for women EDT 3.3 / 3.4 oz New in Box,Eau de Toilette,32.91,10,435,14315.849999999999,United States,101.0,Midrange
Lancôme,La Vie Est Belle by Lancome Paris 2.5 fl oz EDP Perfume for Women New In Box,Eau de Parfum,37.99,10,517,19640.83,United States,74.0,Midrange
Versace,VERSACE CRYSTAL NOIR for women EDT 3.0 oz New Tester,Eau de Toilette,40.63,159,847,34413.61,United States,89.0,Midrange
Unknown,Carmina Eau De Parfume EDP 75ml 2.5 oz Perfume Spray For Women Gifts New In Box,Eau de Parfum,128.88,4,24,3093.12,Hong Kong,75.0,Prestige
Aeropostale,"Promise Me by Aeropostale, 3.4 oz EDP Spray for Women",Eau de Parfum,26.4,10,1338,35323.2,United States,101.0,Budget
Lancôme,Lancome Tresor - Romantic 3.4oz Eau de Parfum Spray for Women,Eau de Parfum,43.99,6,15,659.85,United States,101.0,Midrange
Lancôme,Lancôme Tresor 3.4oz Women's EDP Classic Fragrance New Sealed,Eau de Parfum,43.99,6,15,659.85,United States,101.0,Midrange
Phlur,Phlur Missing Person Womens Perfume EDP Spray 0.17 Oz Mini Travel NWOB,Eau de Parfum,15.49,10,22,340.78000000000003,United States,5.0,Budget
Parfums De Marly,Parfums de Marly Delina La Rosee 2.5oz Women's Eau de Parfum New Sealed,Eau de Parfum,100.99,1,39,3938.6099999999997,United States,74.0,Prestige
Moschino,Moschino Fresh Couture by Moschino 3.4 oz EDT Perfume for Women Tester,Eau de Toilette,27.54,6,272,7490.88,United States,101.0,Budget
Davidoff,Cool Water Womens perfume  1.7 oz / 50 ml EDT Spray by Davidoff  * Authentic *,Eau de Toilette,15.99,10,98,1567.02,United States,50.0,Budget
Jennifer Lopez,Glow by J.LO Jennifer Lopez Perfume for Women 3.4 oz New in Box,Eau de Toilette,26.81,10,478,12815.18,United States,101.0,Budget
Versace,Versace VERSENSE EDT for Women 3.3 / 3.4 oz New tester,Eau de Toilette,38.76,10,401,15542.759999999998,United States,101.0,Midrange
Ainash Perfums,Royal Noir Absolu by Ainash 2.5 oz Extrait de Parfum,Extrait de Parfum,58.5,10,3,175.5,United States,74.0,Midrange
Britney Spears,Curious By Britney Spears Mini EDP Splash Perfume 0.16 oz new no box,Eau de Parfum,10.99,8,6,65.94,United States,5.0,Budget
Lancôme,La Vie Est Belle by Lancome 3.4 oz / 100 ml Spray L'Eau De Parfum New & Sealed,Eau de Parfum,42.99,2,146,6276.54,United States,100.0,Midrange
Thierry Mugler,Thierry Mugler Angel 1.7 oz Women's Eau De Parfum | Heavenly Scent Sealed,Eau de Parfum,43.99,10,20,879.8000000000001,United States,50.0,Midrange
Victoria's Secret,VICTORIA'S SECRET SCANDALOUS EAU DE PARFUM SPRAY 1.7 OZ **NEW SEALED BOX**,Eau de Parfum,29.95,10,46,1377.7,United States,50.0,Budget
Bvlgari,New Perfume Omnia Amethyste EDT Bvlgari Eau De Toilette Spray 2.2 oz for Women,Eau de Toilette,34.87,10,27,941.4899999999999,China,65.0,Midrange
Jennifer Lopez,Glow by J.LO Jennifer Lopez EDT Perfume For Women 1 Oz,Eau de Toilette,15.99,22,18,287.82,United States,30.0,Budget
Paris Hilton,Paris Hilton Heiress For Women 3.4 Oz Eau De Parfum Spray,Eau de Parfum,28.0,10,78,2184.0,United States,101.0,Budget
Giorgio Armani,Giorgio Armani My Way Women's Eau de Parfum EDP Travel Splash Mini Sample 0.24oz,Eau de Parfum,16.99,10,111,1885.8899999999999,United States,7.0,Budget
Marc Jacobs,Daisy Marc Jacobs Eau So Fresh 10ml Eau De Toilette Spray,Eau de Toilette,18.0,5,75,1350.0,United States,10.0,Budget
Victoria's Secret,VERY SEXY Perfume Victoria's Secret 3.4 oz 100 ml  Eau De Parfum BRAND NEW,Eau de Parfum,29.99,7,98,2939.02,United States,100.0,Budget
Salvatore Ferragamo,Incanto Charms by Salvatore Ferragamo for women EDT 3.3 / 3.4 oz New Tester,Eau de Toilette,17.79,15,2177,38728.83,United States,101.0,Budget
Versace,Versace Bright Crystal 3oz Women's EDT Spray New,Eau de Toilette,33.0,6,36,1188.0,United States,89.0,Midrange
Yardley London,Yardley English Honeysuckle Perfum By Yardley London EDT Spray 4.2oz/125ml Women,Eau de Parfum,22.48,10,30,674.4,United States,125.0,Budget
Lancôme,Lancome La Vie Est Belle 3.4 oz EDP Women's Fragrance Perfume Spray Sealed,Eau de Parfum,49.99,8,53,2649.4700000000003,United States,101.0,Midrange
Elizabeth Arden,Red Door by Elizabeth Arden 3.3 oz / 100 ml EDT Perfume for Women,Eau de Toilette,24.99,10,62,1549.3799999999999,United States,100.0,Budget
Diptyque,2x Authentic Diptyque Orpheon Eau de Parfum Spray 2ml/.06 fl. oz. Each Free Ship,Eau de Parfum,27.5,9,12,330.0,United States,2.0,Budget
Ralph Lauren,Romance by Ralph Lauren perfume for women EDP 3.3 / 3.4 oz New in Box,Eau de Parfum,45.93,153,417,19152.81,United States,101.0,Midrange
Guerlain,Guerlain Perfume Sample Spray Vials 1ml - 2ml Choose Your Scent & Combined,Eau de Parfum,4.95,1,287,1420.65,United States,1.0,Budget
Paco Rabanne,Paco Rabanne Olympea Intense Eau De Parfum Intense Spray 80 ml / 2.7oz Sealed,Eau de Parfum,105.95,2,22,2330.9,United States,80.0,Prestige
Burberry,Burberry Touch by Burberry parfum for women 3.3 fl. oz. / 100 ml,Eau de Parfum,26.0,5,5,130.0,United States,98.0,Budget
Cacharel,ANAIS ANAIS PREMIER DELICE by Cacharel for her EDT 3.3 / 3.4 oz New,Eau de Toilette,22.53,34,82,1847.46,United States,101.0,Budget
Jessica Simpson,Fancy by Jessica Simpson 3.3 / 3.4 oz edp perfume women NEW in Retail Box,Eau de Parfum,26.15,52,1386,36243.9,United States,101.0,Budget
Armaf,Armaf Club de Nuit IMPERIALE 3.6 fl.oz Eau de Parfum for Women | New Launch,Eau de Parfum,39.45,10,183,7219.35,United States,106.0,Midrange
Lattafa,"Yara by Lattafa, 3.4 oz Eau De Perfume Spray for Women",Eau de Parfum,29.99,10,432,12955.679999999998,United States,101.0,Budget
Gucci,"Gucci Flora Gorgeous Magnolia, Gucci Gorgeous Jasmine & Gorgeous Gardenia VIALS",Eau de Parfum,15.99,10,154,2462.46,United States,100.0,Budget
Unknown,Woemn Avon FAR AWAY Eau De Parfum Perfume Spray 1.7oz~NEW~SEALED | FREE SHIPPING,Eau de Parfum,14.99,10,80,1199.2,Hong Kong,50.0,Budget
Armaf,Le Femme by Armaf perfume for women EDP 3.3 / 3.4 oz New in Box,Eau de Parfum,20.71,100,290,6005.900000000001,United States,101.0,Budget
Maison Martin Margiela,Replica Eau De Toilette ON A DATE .34 oz. NIB!  Memory In A Fragrance,Eau de Toilette,21.0,8,4,84.0,United States,10.0,Budget
Yves Saint Laurent,Libre By Yves Saint Laurent for Women EDT 1.6 oz / 50 ml *NEW IN SEALED BOX*,Eau de Toilette,53.99,10,137,7396.63,United States,50.0,Midrange
T.O.V.A.,Tova Beverly Hills Signature 2 pcs set for Women 3.4oz EAU DE PARFUM+1oz EDP,Eau de Parfum,37.0,10,12,444.0,United States,101.0,Midrange
Salvatore Ferragamo,INCANTO CHARMS by Salvatore Ferragamo EDT 3.4 oz Perfume for women New in Box,Eau de Toilette,23.98,15,1678,40238.44,United States,101.0,Budget
Jovan,Jovan Musk for Women Cologne 3.25 oz - Classic Scent Spray,Cologne,11.99,1,58,695.42,United States,96.0,Budget
Donna Karan,Donna Karan Cashmere Mist 3.4oz Women's Eau de Parfum Brand New Sealed,Eau de Parfum,28.99,3,379,10987.21,United States,101.0,Budget
Giorgio Armani,My Way Nectar Giorgio Armani EDP 0.33. Fl. Oz. 10 Ml. Spray Travel Size,Eau de Parfum,25.95,10,3,77.85,United States,10.0,Budget
Thierry Mugler,Alien Musc Mysterieux by Thierry Mugler for Women 0.05 oz Eau Parfum Vial Spray,Eau de Parfum,6.99,500,170,1188.3,United States,1.0,Budget
Calvin Klein,Obsession Night by Calvin Klein EDP Perfume for Women 3.3 / 3.4 oz New In Box,Eau de Parfum,25.56,10,460,11757.599999999999,United States,101.0,Budget
Unknown,Flora Gorgeous Magnolia By-Gucci Eau De Parfum EDP 3.3 Oz Perfume For Women NIB,Eau de Parfum,53.99,6,12,647.88,United States,98.0,Midrange
Valentino,Valentino Donna Born In Roma Intense 3.4 oz EDP Spray For Women NEW,Eau de Parfum,103.99,2,45,4679.55,United States,101.0,Prestige
Giorgio Armani,ACQUA di GIOIA by GIORGIO ARMANI Women 3.3 edp 3.4 oz NEW IN BOX,Eau de Parfum,72.72,5,27,1963.44,United States,101.0,Midrange
Lancôme,Lancome La Vie Est Belle EDP - Irresistible Gourmand 3.4oz Sealed,Eau de Parfum,49.99,6,10,499.90000000000003,United States,101.0,Midrange
Unknown,Bloom BLOSSOM 3.3 fl oz / 100 ml Eau de Parfum Spray for Women New In Sealed Box,Eau de Parfum,59.99,4,23,1379.77,Hong Kong,98.0,Midrange
Creed,Aventus for Her by Creed 2ml Vial Spray New Factory Sealed,Eau de Parfum,12.99,1,52,675.48,United States,2.0,Budget
Benetton,Color Women By Benetton 1.7oz EDT Splash New In Box,Eau de Toilette,27.99,10,57,1595.4299999999998,United States,50.0,Budget
Tiffany & Co.,TIFFANY SHEER BY Tiffany & Co. FOR WOMEN MINI BOTTLE,Eau de Toilette,15.89,6,135,2145.15,United States,100.0,Budget
Versace,Versace Bright Crystal Absolu by Versace perfume for her EDP 3.0 oz New in Box,Eau de Parfum,54.9,72,1224,67197.59999999999,United States,89.0,Midrange
Gap,Gap So Pink Fragrance Spray Body Mist 8 fl oz New,Eau de Parfum,19.98,8,144,2877.12,United States,237.0,Budget
Yves Saint Laurent,YSL YVES SAINT LAURENT LIBRE EDP 1.2ml .04fl oz x 1 PERFUME SPRAY SAMPLE VIAL,Eau de Parfum,7.5,10,171,1282.5,United States,1.0,Budget
Yves Saint Laurent,Parisienne by Yves Saint Laurent EDP for Women 3 oz / 90 ml *NEW IN SEALED BOX*,Eau de Parfum,67.49,10,38,2564.62,United States,90.0,Midrange
Versace,Versace Dylan Purple Women 3.4 oz 100 ml *Eau De Parfum* Spray Tester,Eau de Parfum,58.99,10,32,1887.68,United States,100.0,Midrange
Victoria's Secret,Victoria's Secret VERY SEXY 3.4 fl oz/100 ml EDP Spray for Women New & Sealed,Eau de Parfum,30.99,10,26,805.74,United States,101.0,Midrange
Dolce & Gabbana,Light Blue by Dolce & Gabbana D&G 3.3 / 3.4 oz EDT Perfume for Women New In Box,Eau de Toilette,43.3,10,4845,209788.5,United States,101.0,Midrange
Lancôme,MIRACLE BY LANCOME L'EAU DE PARFUM 3.4 OZ / 100 ML SPRAY NEW & SEALED IN BOX,Eau de Parfum,32.99,10,65,2144.35,United States,100.0,Midrange
Dossier,Dossier WOODY HYACINTH Eau de Parfum 1.7 Fl oz / 50 mL Perfume NEW IN BOX,Eau de Parfum,20.0,6,24,480.0,United States,50.0,Budget
Fred Hayman,273 RODEO DRIVE Fred Hayman Women perfume edp 2.5 oz NEW IN BOX,Eau de Parfum,22.97,24,591,13575.269999999999,United States,74.0,Budget
Clean,Clean Reserve Skin by Clean Eau De Parfum Spray (Unisex Tester) 3.4 oz For Women,Eau de Parfum,66.69,8,6,400.14,United States,101.0,Midrange
Yves Saint Laurent,YSL Black Opium EDP Women - Hypnotic Coffee & Vanilla 3oz Sealed,Eau de Parfum,44.99,6,5,224.95000000000002,United States,89.0,Midrange
Jimmy Choo,JIMMY CHOO BLOSSOM 3.3 / 3.4 oz EDP Perfume Women NEW TESTER,Eau de Parfum,31.14,25,2503,77943.42,United States,101.0,Midrange
Lancôme,Hypnose by Lancome 2.5 oz EDP Perfume for Women New In Box,Eau de Parfum,67.98,10,705,47925.9,United States,74.0,Midrange
Estée Lauder,Estee Lauder Beautiful EDP 2.5 oz Classic Floral Women's Perfume,Eau de Parfum,29.49,6,27,796.2299999999999,United States,74.0,Budget
Miim Miic,Miim Miic Compound 52 Hair & Body Mist Sweet Strawberry Milk 8 fl oz NEW!,Eau de Parfum,26.95,3,4,107.8,United States,237.0,Budget
Escada,ESCADA SUMMER FESTIVAL EDT 1.2ml .04fl oz x 5 PERFUME SPRAY SAMPLE VIALS,Eau de Toilette,10.0,10,50,500.0,United States,1.0,Budget
Coach,"Coach Signature by Coach, 3.3 oz EDP Spray for Women",Eau de Parfum,37.96,10,116,4403.36,United States,98.0,Midrange
Jo Malone,Jo Malone Basil & Neroli Cologne Spray Women's Eau de  - 3.4 fl oz/100ml,Cologne,79.99,7,9,719.91,United States,101.0,Midrange
Aerin,AERIN LILAC PATH EDP 2.0ml .07fl oz x 1 PERFUME SPRAY SAMPLE,Eau de Parfum,8.0,10,34,272.0,United States,2.0,Budget
Escada,Escada Miami Blossom for Women Eau De Toilette 3.3oz-100ml Spray New (BR36,Eau de Toilette,42.9,3,8,343.2,United States,100.0,Midrange
Burberry,Burberry Her Eau De Parfum 3-Pcs Set  / New With Box,Eau de Parfum,134.5,3,49,6590.5,United States,100.0,Prestige
Marc Jacobs,Marc Jacobs Daisy Dream by Marc Jacobs 3.4 oz EDT Perfume for Women New In Box,Eau de Toilette,58.98,10,3088,182130.24,United States,101.0,Midrange
Burberry,"2x Burberry HER Eau de Parfum EDP Sample Spray .05oz, 1.5ml Each New in Cards",Eau de Parfum,9.89,5,258,2551.6200000000003,United States,5.0,Budget
Chanel,CHANEL Les Eaux De Chanel Paris Eau De Toilette Perfume Discovery Set NEW,Eau de Toilette,24.0,10,0,0.0,United States,100.0,Budget
Coach,Coach Floral by Coach EDP 3 / 3.0 oz Perfume for Women Brand New Tester,Eau de Parfum,34.33,10,767,26331.109999999997,United States,89.0,Midrange
Versace,Versace Ladies Dylan Turquoise Gift Set Fragrances 8011003873487,Eau de Parfum,54.51,3,20,1090.2,United States,100.0,Midrange
Coach,Coach Love 1.7 oz EDP Spray Womens Perfume 50 ml NIB,Eau de Parfum,48.99,10,7,342.93,United States,50.0,Midrange
Ariana Grande,Ariana Grande Cloud Pink EDP 3.4oz Women's Perfume New Sealed,Eau de Parfum,30.49,6,18,548.8199999999999,United States,101.0,Midrange
Giorgio Armani,NEW Women's My Way EDP Spray 3oz Giorgio Arm.ani Eau De Parfum Sealed/Fast Ship!,Eau de Parfum,38.69,10,3,116.07,China,89.0,Midrange
Pleasing,Pleasing Harry Styles Fragrance Rivulets Parfum 100ml 3.4fl,Eau de Parfum,49.99,1,35,1749.65,United States,100.0,Midrange
Calvin Klein,Obsession By Calvin Klein Women 0.5 oz 15 ml Eau de Parfum Spray Mini New,Eau de Parfum,10.35,10,182,1883.7,United States,15.0,Budget
Dossier,Dossier FRUITY BROWN SUGAR Eau de Parfum 1.7 Fl oz / 50 mL Perfume NEW IN BOX,Eau de Parfum,20.0,4,47,940.0,United States,50.0,Budget
Givenchy,Givenchy Irresistible  For Women Eau de Parfum Mini Bottle 0.27 Fl Oz New,Eau de Parfum,21.9,7,4,87.6,United States,8.0,Budget
Lancôme,Lancome Tresor Women's EDP 3.4 oz Spray,Eau de Parfum,42.99,10,17,730.83,United States,101.0,Midrange
Victoria's Secret,VICTORIA'S SECRET TEASE 3.4 FL OZ 100 ML EAU DE PARFUM BRAND NEW SEALED BOX,Eau de Parfum,29.9,6,9,269.09999999999997,United States,101.0,Budget
Pink,Rue 21 Pink ICE Perfume Spray 1.7 FL OZ New (Unboxed),Eau de Parfum,22.45,5,2,44.9,United States,50.0,Budget
Unknown,12 Women's Perfume Fragrance Samples Vials with Organza Bag Lot,Eau de Parfum,25.46,10,58,1476.68,United States,100.0,Budget
Lancôme,La Vie Est Belle By Lancôme 2.5 OZ L'Eau De Parfum For Women,Eau de Parfum,37.99,10,77,2925.23,United States,74.0,Midrange
Parfums De Marly,PDM PARFUMS DE MARLY DELINA EXCLUSIF 1.5ml .05fl oz x 3 PERFUME SPRAY SAMPLES,Eau de Parfum,24.0,10,9,216.0,United States,1.0,Budget
Ulta,Ulta Beauty 2024 Spring Scent Wardrobe 19 Piece Perfume Sample Set w/ $15 Cert,Eau de Parfum,55.88,1,2,111.76,United States,100.0,Midrange
T.O.V.A.,TOVA BEVERLY HILLS SIGNATURE for Women Perfume 2 pcs 0.34 oz EDP Spray + Refill,Eau de Parfum,13.95,7,22,306.9,United States,10.0,Budget
Kilian,Kilian Paris Can't Stop Loving You 50ml/ 1.7oz EDP New & Sealed,Eau de Parfum,100.0,1,12,1200.0,United States,50.0,Prestige
Rihanna,FENTY by RIHANNA Eau de Parfum 1.5ml Sample Size Travel Mini NIB. Authentic.,Eau de Parfum,12.49,5,10,124.9,United States,5.0,Budget
Dior,Christian Dior Addict Eau Fraiche EDT For Women 3.4 oz / 100 ml *NEW*,Eau de Toilette,74.99,8,28,2099.72,United States,100.0,Midrange
Ellis Brooklyn,ELLIS BROOKLYN Salt EDP Splash .25oz/7.5mL Womens Travel Perfume - NEW in Box!,Eau de Parfum,13.44,3,30,403.2,United States,5.0,Budget
Ariana Grande,Cloud by Ariana Grande for Women EDP Spray 3.4 oz / 100 ml New Sealed In Box,Eau de Parfum,35.99,9,49,1763.51,United States,100.0,Midrange
Lancôme,Lancome Tresor 3.4 oz EDP Romantic & Sophisticated for Women New,Eau de Parfum,44.99,5,14,629.86,United States,101.0,Midrange
Ralph Lauren,Ralph Lauren Romance Rose Eau de Parfum 3.4 oz 100 ml Brand New Sealed,Eau de Parfum,44.99,7,3,134.97,United States,100.0,Midrange
Jo Malone,Jo Malone London Grapefruit Cologne 3.4 oz,Eau de Parfum,73.99,7,52,3847.4799999999996,United States,101.0,Midrange
One Direction,That Moment by One Direction 3.4 oz / 100 ml Edp spy perfume for women femme,Eau de Parfum,34.85,10,545,18993.25,United States,100.0,Midrange
Ariana Grande,Cloud by Ariana Grande 3.4 oz / 100 ML EDP Perfume for Women New In Box,Eau de Parfum,38.99,9,23,896.7700000000001,United States,100.0,Midrange
Dana,2.5 Loves Baby Soft Body Mist for Women Fragrance/Cologne NEW Whisper Soft 2.5oz,Cologne,25.99,3,17,441.83,United States,74.0,Budget
Hermès,TWILLY d'HERMES EAU POIVREE *  2.87 Fl Oz (85ml) EDP Spray - New Unsealed Box,Eau de Parfum,47.66,10,119,5671.54,United States,85.0,Midrange
Hermès,Un Jardin Sur Le Nil by Hermes 3.3 / 3.4 oz Perfume for Women Brand New Tester,Eau de Toilette,58.08,10,278,16146.24,United States,101.0,Midrange
Vilhelm Parfumerie,Vilhelm Parfumerie A Lilac A Day Eau De Parfum Spray Women 3.4 Oz / 100ml,Eau de Parfum,108.99,9,11,1198.8899999999999,United States,100.0,Prestige
Jo Malone,Wood Sage & Sea Salt By Jo Malone EDC Cologne Spray for Women New In Sealed Box,Cologne,59.99,5,36,2159.64,Hong Kong,100.0,Midrange
Donna Karan,Donna Karan Cashmere Mist EDP 3.4oz Women's Fragrance New Sealed,Eau de Parfum,29.99,6,26,779.74,United States,101.0,Budget
Michael Kors,Michael Kors CLASSIC(Original Formula) Eau De Parfum 3-Pcs Set  / New With Box,Gift Set,299.99,10,92,27599.08,United States,100.0,Luxury
Versace,Versace Bright Crystal Women's EDT 6.7 oz Spray,Eau de Toilette,52.79,10,23,1214.17,United States,198.0,Midrange
Versace,Versace Bright Crystal EDT 3oz Women's Scent Spray New,Eau de Toilette,33.0,5,18,594.0,United States,89.0,Midrange
Ariana Grande,Ariana Grande Ladies Mod Vanilla EDP Spray 3.4 oz Fragrances 810101501227,Eau de Parfum,53.57,3,10,535.7,United States,101.0,Midrange
Kilian,"KILIAN Paris Can't Stop Loving You Full Size 1.7oz/50mL, New in Sealed Box",Eau de Parfum,100.99,1,15,1514.85,United States,50.0,Prestige
Carolina Herrera,Carolina Herrera Good Girl 2.7 oz EDP Bold Women's Perfume Heel Bottle Design,Eau de Parfum,49.99,6,35,1749.65,United States,80.0,Midrange
Dossier,Dossier POWDERY PEACH Eau de Parfum 1.7 Fl oz / 50 mL Perfume NEW IN BOX,Eau de Parfum,20.0,8,22,440.0,United States,50.0,Budget
Preferred Fragrance,Bright Crystal 6.7 oz / 200mL Eau De Toilette Perfume For Women Brand New Sealed,Eau de Toilette,48.9,10,33,1613.7,United States,200.0,Midrange
Dolce & Gabbana,Dolce & Gabbana Devotion 1.7 oz EDP Perfume for Women New In Box,Eau de Parfum,58.69,10,23,1349.87,United States,50.0,Midrange
Kim Kardashian,Kim Kardashian True Reflection Eau De Parfum Spray. Perfume for Women. 1 fl.oz,Eau de Parfum,9.49,5,491,4659.59,United States,30.0,Budget
Calvin Klein,Euphoria by Calvin Klein 6.7 oz Sensual Skin Body Lotion for Women Brand New,Body Care,18.88,10,2002,37797.759999999995,United States,198.0,Budget
Sisley,Eau de Campagne by Sisley Perfumed Deodorant 5 fl oz / 150 ml *NEW IN BOX*,Body Care,49.99,1,11,549.89,United States,148.0,Midrange
Valentino,Voce Viva by Valentino 3.4 oz EDP Perfume for Women New In Box,Eau de Parfum,84.97,10,146,12405.619999999999,United States,101.0,Prestige
Anna Sui,"ANNA SUI Sundae 3-Piece Minature Set (Pretty Pink, Mellow Yellow & Violet Vibe)",Eau de Toilette,69.89,6,24,1677.3600000000001,Japan,100.0,Midrange
Narciso Rodriguez,NARCISO RODRIGUEZ NARCISO EAU DE PARFUM SPRAY 30 ML/1 FL.OZ.,Eau de Parfum,125.0,6,6,750.0,United States,30.0,Prestige
Fuller Armand Dupree,Vivir By Lucia Mendez CON FEROMONAS Perfume Para Dama 60ml DE FULLER MEXICO,Eau de Parfum,36.99,10,31,1146.69,United States,60.0,Midrange
Creed,Creed Queen of Silk Eau De Parfum 2.5oz 75ml Tester With Lid,Eau de Parfum,275.0,1,4,1100.0,United States,75.0,Luxury
Jo Malone,Jo Malone Incense & Cedrat Cologne Intense Spray Women's Eau de 3.4 fl oz/100ml,Cologne,76.99,9,1,76.99,United States,101.0,Midrange
Dossier,Dossier Floral Honeysuckle Eau de Parfum Spray 1.7 Oz EDP Perfume NEW No Box,Eau de Parfum,22.99,9,39,896.6099999999999,United States,50.0,Budget
Victoria's Secret,VICTORIA'S SECRET CRUSH FRAGRANCE BODY MIST SPRAY 8.4 FL OZ,Eau de Parfum,24.95,10,54,1347.3,United States,248.0,Budget
Unknown,USA Perfume Bottle Spray Atomizer Pump Ball / Bulb & Tube / Hose Replacement,Eau de Parfum,13.5,4,145,1957.5,United States,100.0,Budget
Prada,Prada Paradoxe Intense Women Eau De Parfum Spray 1.6 oz 50ml New In Box,Eau de Parfum,88.0,2,13,1144.0,United States,50.0,Prestige
Maison Alhambra,Maison Alhambra Ladies Pink Shimmer Secret Intense EDP Spray 3.38 oz Fragrances,Eau de Parfum,15.97,3,13,207.61,United States,100.0,Budget
Jo Malone,"Jo Malone London Cologne Spray ,Travel Size 9ml/0.3oz **Choose Your Scent** NEW",Cologne,16.98,10,27,458.46000000000004,United States,9.0,Budget
Calvin Klein,Eternity For Women By Calvin Klein Eau De Parfum Spray 1 Fl Oz LOT OF 2,Eau de Parfum,22.99,10,7,160.92999999999998,United States,30.0,Budget
Juicy Couture,VIVA LA JUICY by JUICY COUTURE Eau De PARFUM SPRAY 1 OZ / 30mL,Eau de Parfum,18.95,10,34,644.3,United States,30.0,Budget
Maison Alhambra,Maison Alhambra Ladies Reyna Pour Femme EDP 3.4 oz Fragrances 6290360590721,Eau de Parfum,27.89,3,8,223.12,United States,101.0,Budget
Acqua Di Parma,Acqua Di Parma Blu Mediterraneo Mirto Di Panarea Eau De Toilette  75 ml 2.5 oz,Eau de Toilette,34.99,2,8,279.92,Hong Kong,75.0,Midrange
Al Haramain,L'aventure Ciel by Al Haramain Eau De Parfum 3.33oz/100ml Spray New With Box,Eau de Parfum,33.75,10,10,337.5,United States,100.0,Midrange
Gucci,Gucci Flora Gorgeous Jasmine 3.3 oz EDP Perfume for Women New In Box,Eau de Parfum,87.52,10,188,16453.76,United States,98.0,Prestige
Aquolina,"Pink Sugar Creamy Sunshine by Aquolina, 3.4 oz EDT Spray for Women",Eau de Toilette,19.73,10,107,2111.11,United States,101.0,Budget
Burberry,"BURBERRY HER Eau De Parfum FOR WOMEN Mini .16oz, 5ml /FREE TRAVEL SPRAY",Eau de Parfum,17.89,10,360,6440.400000000001,United States,5.0,Budget
Victoria's Secret,Victoria's Secret DREAM ANGELS DESIRE 4.2 oz Eau De Parfum Spray,Eau de Parfum,99.99,6,3,299.96999999999997,United States,124.0,Prestige
Parfums De Marly,"Parfums de Marly Oriana by Parfums de Marly, 2.5 oz EDP Spray women",Eau de Parfum,99.99,1,7,699.93,United States,74.0,Prestige
Unknown,Burberry Her Eau De Toilette for Women 3.3 oz EDT Spray New in Box Sealed,Eau de Toilette,59.99,1,11,659.89,Canada,98.0,Midrange
Jimmy Choo,JIMMY CHOO FLASH by Jimmy Choo 3.3 / 3.4 oz EDP Perfume Women NEW IN BOX,Eau de Parfum,37.02,25,1926,71300.52,United States,101.0,Midrange
Unknown,30ml Venom Pheromone Perfume Collection Floral Scent Fragrance Perfume For Women,Eau de Parfum,12.95,10,42,543.9,United States,30.0,Budget
Britney Spears,Fantasy Jungle by Britney Spears 3.3 oz EDT Perfume for Women New In Box,Eau de Toilette,24.99,4,21,524.79,United States,98.0,Budget
Elizabeth Arden,Classic Red Door Elizabeth Arden Women 3.3 3.4 oz 100 ml Edt Spray Same As Photo,Eau de Toilette,36.94,7,233,8607.019999999999,United States,100.0,Midrange
Yves Saint Laurent,Black Opium by Yves Saint Laurent EDP for Women 3.0 oz / 90 ml NEW,Eau de Parfum,39.95,10,3,119.85000000000001,United States,90.0,Midrange
Parfums De Marly,Parfums de Marly 2.5 oz Parfums de Marly Oriana Eau De Parfum Spray,Eau de Parfum,89.99,5,6,539.9399999999999,United States,74.0,Prestige
Dolce & Gabbana,Dolce Shine by Dolce & Gabbana 2.5 oz EDP Perfume for Women Brand New Tester,Eau de Parfum,34.76,1,144,5005.44,United States,74.0,Midrange
Carolina Herrera,Good Girl Dazzling Garden by Carolina Herrera 2.7oz Eau de Parfum Spray. New Box,Eau de Parfum,90.0,10,75,6750.0,United States,80.0,Prestige
Dolce & Gabbana,Light Blue by Dolce & Gabbana for Women EDT 3.3 FL OZ/ 100ML New Sealed Packed,Eau de Toilette,27.99,2,8,223.92,United States,98.0,Budget
Maison Margiela,Maison Margiela Replica Lazy Sunday Morning Eau de Toilette 3.4 oz New in Box,Eau de Toilette,48.88,10,4,195.52,United States,101.0,Midrange
Sol De Janeiro,Sol de Janeiro SOL Cheirosa '62 Eau de Parfum 1.7 oz / 50ML NIB Factory Sealed,Eau de Parfum,59.98,10,5,299.9,United States,50.0,Midrange
Versace,Versace Dylan Turquoise by Gianni Versace 3.4 oz EDT Perfume for Women NiB,Eau de Toilette,39.55,10,1059,41883.45,United States,101.0,Midrange
Marc Jacobs,Marc Jacobs Perfect Intense Eau De Parfum 3.3 oz 100ml-Brand New Imperfect Box,Eau de Parfum,65.95,10,150,9892.5,United States,100.0,Midrange
Givenchy,L'Interdit Intense Rouge by Givenchy perfume for women EDP 2.7 oz New Tester,Eau de Parfum,63.25,86,116,7337.0,United States,80.0,Midrange
Giorgio Armani,My Way  by Giorgio Armani EDP for Women 1.7 oz / 50ml *NEW IN BOX*,Eau de Parfum,50.99,10,27,1376.73,United States,50.0,Midrange
Fragonard,Good Girl by Carolina Herrera 2.7 Fl oz Spray Eau De Parfum Women's,Eau de Parfum,44.99,10,2,89.98,United States,80.0,Midrange
Versace,Red Jeans by Versus Versace 2.5 oz Perfume for Women New In Box,Eau de Toilette,18.81,4,1960,36867.6,United States,74.0,Budget
Armaf,Armaf Ladies The Pride Of Armaf White EDP Spray 3.4 oz Fragrances 6294015138320,Eau de Parfum,26.31,3,20,526.1999999999999,United States,101.0,Budget
Prada,Prada Candy Perfume 2.7oz EDP Sweetly Luxurious and New Enchanting,Eau de Parfum,35.99,6,13,467.87,United States,80.0,Midrange
Jovan,JOVAN MUSK by COTY Perfume 3.25 oz New in Box,Cologne,11.94,82,1286,15354.84,United States,96.0,Budget
Victoria's Secret,VICTORIA'S SECRET HEAVENLY PARFUM EAU DE PARFUM 3.4 fl. oz. /  100ml,Eau de Parfum,28.0,4,5,140.0,United States,101.0,Budget
Jo Malone,Jo Malone Peony & Blush Suede Eau de Cologne 3.4Fl Oz / 100 ML Perfume,Eau de Parfum,49.99,9,13,649.87,China,101.0,Midrange
Jo Malone,Jo Malone Dark Amber &Ginger Lily Cologne Intense Women's Eau de 3.4 fl oz/100ml,Cologne,79.99,6,4,319.96,United States,101.0,Midrange
Atlantic,Cry Baby Perfume 1ml ONLY,Eau de Parfum,55.0,6,12,660.0,United States,1.0,Midrange
Maison Alhambra,Glacier Bold EDP Perfume By Maison Alhambra Lattafa 100 ML🥇Hot New Release🥇,Eau de Parfum,39.99,23,48,1919.52,United States,100.0,Midrange
Philosophy,Philosophy Amazing Grace Lavender Eau de Toilette EDT Spray 4oz 120ml NOT SEALED,Eau de Toilette,32.99,4,9,296.91,United States,120.0,Midrange
Ellis Brooklyn,NWB Ellis Brooklyn Biography Fragrance Discovery Set,Gift Set,17.0,10,0,0.0,United States,100.0,Budget
Jo Malone,Jo Malone English Pear & Freesia 3.4oz Women's Eau de Cologne Spray,Cologne,66.95,10,6,401.70000000000005,United States,101.0,Midrange
Carolina Herrera,Carolina Herrera Very Good Girl 2.7o 80 Ml Eau De Partum Brand New Sealed Box,Eau de Parfum,51.99,8,12,623.88,United States,80.0,Midrange
Narciso Rodriguez,Narciso Rodriguez For Her 3.3oz EDP Signature Women's Perfume Spray New,Eau de Parfum,34.99,10,26,909.74,United States,98.0,Midrange
L'Artisan,L'Artisan Parfumeur 'Mon Numero 10' Eau de Parfum 0.7oz/30ml New In Box,Eau de Parfum,48.93,10,37,1810.41,United States,30.0,Midrange
Chanel,new Chanel PARIS Gardenia 4ml .12 OZ BOXED Miniature EAU DE PARFUME EDP,Eau de Parfum,27.0,2,8,216.0,United States,4.0,Budget
Afnan,9 am Pour Femme by Afnan 3.4 oz EDP Perfume for Women New In Box,Eau de Parfum,29.95,4,40,1198.0,United States,101.0,Budget
Versace,Versace Bright Crystal Absolu by Versace 3.0 oz EDP Perfume for Women Tester,Eau de Parfum,45.98,10,5166,237532.68,United States,89.0,Midrange
Juliette Has A Gun,Juliette Has a Gun Not a Perfume Womens EDP Travel Size 5.5 ML / 0.17 oz NWOB,Eau de Parfum,11.99,10,19,227.81,United States,5.0,Budget
Juicy Couture,JUICY COUTURE SOLID PERFUME STICK for Women 0.17 oz Mini NEW Free Ship,Eau de Parfum,5.65,6,178,1005.7,United States,5.0,Budget
Dolce & Gabbana,Dolce & Gabbana Light Blue 6.7 fl oz Eau De Toilette Spray Women's New & Sealed,Eau de Toilette,53.99,9,3,161.97,United States,198.0,Midrange
Clubman Pinaud,Blue Waltz Perfume 0.63 fl oz,Eau de Parfum,8.34,10,409,3411.06,United States,19.0,Budget
Lomani,SPICE ADDICT PRIVATE COLLECTION BY LOMANI EDP  Spray 3.3 oz-100 ml NEW & SEALED.,Eau de Parfum,84.0,10,0,0.0,United States,100.0,Prestige
Tommy Hilfiger,TOMMY GIRL by TOMMY HILFIGER for Women 0.5 oz Eau de Toilette Spray NEW IN BOX,Eau de Toilette,11.95,8,14,167.29999999999998,United States,15.0,Budget
Dolce & Gabbana,Dolce&Gabbana Light Blue Forever for Women 3.38 fl oz Eau de Parfum Spray,Eau de Parfum,45.11,3,5,225.55,United States,100.0,Midrange
Dolce & Gabbana,Light Blue by Dolce & Gabbana for women EDT 3.3 / 3.4 oz SEALED NEW,Eau de Toilette,28.85,7,82,2365.7000000000003,United States,101.0,Budget
Liz Claiborne,Curve Crush by Liz Claiborne EDT Perfume for Women 3.3 / 3.4 oz New In Box,Eau de Toilette,22.23,10,3584,79672.32,United States,101.0,Budget
Lancôme,La Vie Est Belle INTENSEMENT by Lancome EDP for Women 3.4 oz /100ml *NEW IN BOX*,Eau de Parfum,74.99,10,160,11998.4,United States,100.0,Midrange
Banana Republic,Banana Republic Wildbloom Vert 3.4 oz EDP Perfume for Women New In Box,Eau de Parfum,20.3,6,998,20259.4,United States,101.0,Budget
Lolita Lempicka,Lolita Lempicka by Lolita Lempicka 3.4 oz EDP Perfume for Women New In Box,Eau de Parfum,39.82,10,2143,85334.26,United States,101.0,Midrange
Montale,Roses Musk by Montale perfume for women EDP 3.3 / 3.4 oz New In Box,Eau de Parfum,55.66,23,268,14916.88,United States,101.0,Midrange
Estée Lauder,Knowing by Estee Lauder 2.5 oz EDP Perfume for Women New In Box,Eau de Parfum,42.69,10,868,37054.92,United States,74.0,Midrange
Britney Spears,Believe by Britney Spears 3.3 / 3.4 oz EDP Perfume for Women NEW IN BOX,Eau de Parfum,22.36,46,177,3957.72,United States,101.0,Budget
Dolce & Gabbana,Dolce & Gabbana Light Blue 1.7 oz./ 50 ml. Eau de Toilette Spray for Women New,Eau de Toilette,38.0,10,11,418.0,United States,50.0,Midrange
Issey Miyake,L'eau D'Issey by Issey Miyake EDT Perfume for Women 1.6 oz New In Box,Eau de Toilette,31.87,6,258,8222.460000000001,United States,47.0,Midrange
MAC,"M.A.C TURQUATIC Fragrance Blend Parfume Spray, 0.68 Fl Oz. / 20 mL, New In Box",Eau de Parfum,29.5,5,7,206.5,United States,20.0,Budget
Parfums De Marly,1 Vial SEDLEY by PARFUMS DE MARLY for Women 0.05 oz 1.5 ml Eau de Parfum Spray,Eau de Parfum,8.99,5,126,1132.74,United States,5.0,Budget
Unknown,L'Imperatrice 3 by D&G 3.3 oz 100ml Eau de Toilette Perfume for Women New In Box,Eau de Toilette,32.99,4,14,461.86,Hong Kong,100.0,Midrange
Thierry Mugler,Alien by Thierry Mugler 3.4 oz EDP Refill Perfume for Women New In Box,Eau de Parfum,76.34,3,92,7023.280000000001,United States,101.0,Midrange
Versace,Bright Crystal de Versace Eau de Toilette 3.0 EE. UU. fl. oz. / Spray Mujer 90 ml-,Eau de Toilette,29.99,10,0,0.0,Estados Unidos,90.0,Budget
Versace,Yellow Diamond by Gianni Versace for women EDT 3.0 oz New Tester,Eau de Toilette,37.63,12,1909,71835.67,United States,89.0,Midrange
Salvatore Ferragamo,SALVATORE FERRAGAMO POUR FEMME edp Perfume for women 3.4 / 3.3 oz New in Box,Eau de Parfum,29.25,56,1347,39399.75,United States,98.0,Budget
Clinique,Happy by Clinique Women's Eau de Parfum - 100ml,Eau de Parfum,23.89,10,1,23.89,United States,100.0,Budget
Versace,Mini Versace Dylan Blue Pour Femme 0.17 oz EDP Perfume for Women New In Box,Eau de Parfum,9.39,10,336,3155.04,United States,5.0,Budget
Yves Saint Laurent,Mon Paris by Yves Saint Laurent Eau De Parfum 3oz 90ml Perfume New Sealed in Box,Eau de Parfum,34.99,6,18,629.82,Taiwan,90.0,Midrange
Anna Sui,Anna Sui Ladies Sky EDT 2.5 oz (Tester) Fragrances 085715064172,Eau de Parfum,32.39,3,4,129.56,United States,74.0,Midrange
Dolce & Gabbana,Dolce & Gabbana Light Blue 3.3 /3.4 oz Women’s Eau de Toilette Spray New Sealed,Eau de Toilette,29.75,9,108,3213.0,United States,101.0,Budget
Jimmy Choo,Jimmy Choo Rose Passion By Jimmy Choo for her EDP 3.3 / 3.4 oz New Tester,Eau de Parfum,36.94,214,30,1108.1999999999998,United States,101.0,Midrange
Givenchy,Givenchy L'interdit Nocturnal Jasmine 50ml / 1.7 oz EDP Spray Edition Millesime,Eau de Toilette,94.99,2,4,379.96,United States,50.0,Prestige
Yves Saint Laurent,Yves Saint Laurent Mon Paris Eau De Parfum 3 oz/90 ml for Women,Eau de Parfum,36.68,10,5,183.4,United States,90.0,Midrange
Giorgio Armani,Armani Si by Giorgio Armani Eau De Parfum 3.4 fl oz Spray Women's New & Sealed,Eau de Parfum,41.99,2,3,125.97,United States,101.0,Midrange
Lattafa,Yara by Lattafa Perfumes Femme Concentrated Oil Fragrance Roll-On (10mL),Eau de Parfum,7.2,10,128,921.6,United States,10.0,Budget
Carolina Herrera,GOOD GIRL NEW YORK By CAROLINA HERRERA Dot Drama Black EDP  2.7 Fl Oz/80ml,Eau de Parfum,139.99,3,43,6019.570000000001,India,80.0,Prestige
Baby Phat,Baby Phat Goddess by Kimora Lee Simmons 1.7oz  EDP Spray Perfume  (Pink) Rare,Eau de Parfum,79.95,3,1,79.95,United States,50.0,Midrange
Lancôme,Lancome Idole Now 3.4oz / 100ml Eau De Parfum Spray For Women New In Box,Eau de Parfum,69.99,4,23,1609.77,Hong Kong,100.0,Midrange
Jo Malone,"Jo Malone London English Pear & Sweet Pea Cologne, Large Size 3.4oz/100mL,NEW",Cologne,99.0,2,2,198.0,United States,100.0,Prestige
Lancôme,Lancome Tresor 3.4 oz EDP Romantic Women's Perfume Spray Timeless Fragrance,Eau de Parfum,44.99,10,9,404.91,United States,101.0,Midrange
Ariana Grande,Cloud by Ariana Grande 3.4 oz EDP Perfume for Women New in Box 2-5 Days Delivery,Eau de Parfum,29.6,6,20,592.0,Pakistan,101.0,Budget
Mem,Complete Set of 7 Love's Baby Soft by MEM  Unboxed Original 90s pl read below,Cologne,28.0,10,6,168.0,United States,100.0,Budget
Maison Margiela,Maison Margiela Replica Sailing Day Eau de Toilette 3.4 oz New in Box US,Eau de Toilette,48.88,10,48,2346.2400000000002,United States,101.0,Midrange
Escada,Escada Santorini Sunrise by Escada Eau De Toilette Spray 3.4oz/100ml for Women,Eau de Parfum,38.01,10,32,1216.32,United States,100.0,Midrange
Khadlaj,Shiyaaka KHADLAJ 100ML 3.4.OZ EAU DE PARFUM SPRAY,Eau de Parfum,38.0,1,8,304.0,United States,100.0,Midrange
Ariana Grande,Cloud by Ariana Grande Perfume 3.4 oz Eau de Parfum EDP for Women BRAND NEW!!,Eau de Parfum,32.0,9,10,320.0,United States,101.0,Midrange
Burberry,Burberry Goddess EDP Eau De Parfum Spray 3.3 oz New In Sealed Box GIFT,Eau de Parfum,95.0,10,0,0.0,United States,98.0,Prestige
Gwen Stefani,L Lamb By Gwen Stefani Perfume Women 3.4 oz 100ML EDP Spray (T) Very Rare!,Eau de Parfum,150.0,1,62,9300.0,United States,100.0,Prestige
Jimmy Choo,"I Want Choo Forever by Jimmy Choo, 3.3 oz EDP Spray for Women",Eau de Parfum,58.62,10,48,2813.7599999999998,United States,98.0,Midrange
Kate Spade,LIVE COLORFULLY SUNSET by Kate Spade women perfume 3.4 oz 3.3 edp NEW TESTER,Eau de Parfum,20.93,1,243,5085.99,United States,101.0,Budget
Dior,Miss Dior Rose N'Roses by Christian Dior for women EDT 3.3 / 3.4 oz New In Box,Eau de Toilette,85.67,1,85,7281.95,United States,101.0,Prestige
Marc Jacobs,Daisy Marc Jacobs Eau So Fresh POP 2.5 oz/ 75 ml EDT Spray for Women. New in Box,Eau de Toilette,74.99,10,13,974.8699999999999,United States,75.0,Midrange
Unknown,50ml Pheromone Perfume Spray for Women Lady Attractant Men Long Lasting Gifts,Eau de Parfum,8.99,10,120,1078.8,United States,50.0,Budget
Burberry,Burberry Her 3.3 oz EDT eau de toilette Spray Womens Perfume 100 ml New In Box,Eau de Toilette,49.99,10,22,1099.78,Taiwan,100.0,Midrange
Jo Malone,Jo Malone Orris & Sandalwood Cologne Intense Women's Eau de 3.4 fl oz/100ml,Cologne,86.99,4,6,521.9399999999999,United States,101.0,Prestige
Chloé,Nomade by Chloe perfume for women EDP 2.5 oz New In Box,Eau de Parfum,67.14,4,124,8325.36,United States,74.0,Midrange
Dolce & Gabbana,Light Blue Summer Vibes by Dolce & Gabbana 3.3 oz EDT Perfume Women New In Box,Eau de Toilette,52.38,10,27,1414.26,United States,98.0,Midrange
Dossier,Dossier Citrus Peony Eau de Parfum. Size: 50ml / 1.7oz,Eau de Parfum,22.0,10,18,396.0,United States,50.0,Budget
Jo Malone,Jo Malone Saffron Cologne Intense Spray Women's Eau de 3.4 fl oz/100ml,Cologne,86.99,5,5,434.95,United States,101.0,Prestige
Juliette Has A Gun,"Juliette Has a Gun PEAR INC. 1.7 oz. Eau de Parfum Spray, New in Sealed Box",Eau de Parfum,54.95,10,18,989.1,United States,50.0,Midrange
Chanel,Chanel Chance Eau Fraiche EDT Eau de Toilette Spray 3.4 Oz 100 Ml (Sealed Box),Eau de Toilette,115.22,8,5,576.1,United States,100.0,Prestige
Jeanne Arthes,Jeanne Arthes Boum Candy Land Eau de Parfum Women Vanille Sa Pomme d'Amour 100ml,Eau de Parfum,29.66,10,163,4834.58,Bulgaria,100.0,Budget
Burberry,BURBERRY LONDON WOMEN *CLASSIC* 0.15 oz / 4.5 ML Eau De Parfum Miniature In Box,Eau de Parfum,11.49,10,20,229.8,United States,5.0,Budget
Britney Spears,Circus Fantasy by Britney Spears 3.3 oz EDP Perfume for Women New In Box,Eau de Parfum,19.75,4,194,3831.5,United States,98.0,Budget
Avon,SWEET HONESTY BY AVON | DISCONTINUED 1.7 OZ COLOGNE SPRAY  FREE FAST SHIPPING,Cologne,16.95,10,90,1525.5,United States,50.0,Budget
Clean,CLEAN RESERVE Six Piece Spray Travel Layering Collection Perfume 6 X 5ml/0.17oz,Eau de Parfum,23.89,7,82,1958.98,United States,5.0,Budget
Gucci,Gucci Flora Eau De Parfum 3 Pcs Set  / New With Box,Eau de Parfum,52.99,10,4,211.96,United States,100.0,Midrange
Dolce & Gabbana,"Light Blue by Dolce & Gabbana, 6.7 oz EDT Spray for Women",Eau de Toilette,65.55,10,1355,88820.25,United States,198.0,Midrange
Juliette Has A Gun,VANILLA VIBES BY JULIETTE HAS A GUN-EDP-SPRAY-3.3 OZ-100 ML-AUTHENTIC-U/B-FRANCE,Eau de Parfum,56.99,2,2,113.98,United States,100.0,Midrange
Lancôme,Idole by Lancome Eau de Parfum EDP Perfume for Women 2.5 oz New in Box,Eau de Parfum,49.99,10,22,1099.78,United States,74.0,Midrange
Ralph Lauren,Ralph Lauren ROMANCE Women 6.7 oz 200 ml Sensuous Body Moisturizer Lotion Sealed,Body Care,28.4,10,65,1846.0,United States,200.0,Budget
Elizabeth Arden,ARDEN BEAUTY by Elizabeth Arden 3.3 / 3.4 oz EDP for Women New In Box Sealed,Eau de Parfum,16.82,111,662,11134.84,United States,101.0,Budget
Jean Paul Gaultier,JEAN PAUL GAULTIER CLASSIQUE edt perfume spray 3.3 oz 3.4 Women NEW tester,Eau de Toilette,58.94,95,129,7603.259999999999,United States,98.0,Midrange
Carolina Herrera,Carolina Herrera Good Girl BLUSH Womens Perfume EDP Mini 0.24 oz NWOB,Eau de Parfum,24.99,6,55,1374.4499999999998,United States,7.0,Budget
Givenchy,Amarige by Givenchy EDT Perfume for Women 3.3 / 3.4 oz Brand New Tester,Eau de Toilette,45.98,1,425,19541.5,United States,101.0,Midrange
Victoria's Secret,Victoria's Secret Bombshell FINE Body LOTION Fragrance Perfume 250ml,Body Care,18.5,5,2,37.0,United States,250.0,Budget
Daddy Yankee,Dyamante by Daddy Yankee 3.4 oz Eau De Parfum Spray for women New in box,Eau de Parfum,12.15,6,533,6475.95,United States,101.0,Budget
Carolina Herrera,Good Girl Perfume by Carolina Herrera 5.1 oz. Eau de Parfum Spray. New. NO Box,Eau de Parfum,89.99,10,285,25647.149999999998,United States,151.0,Prestige
Classic Erotica,Pure Instinct Pheromone Oil For Her .5oz,Eau de Parfum,13.12,10,96,1259.52,United States,15.0,Budget
Avon,Avon Women Fragrance Perfume Spray HAIKU 1.7oz  New In Box| FREE Travel spray,Eau de Parfum,16.89,10,177,2989.53,United States,50.0,Budget
Pacifica,Pacifica Tahitian Gardenia Perfume - Purse Travel Rollerball .33oz/10ml,Eau de Parfum,14.9,10,56,834.4,United States,10.0,Budget
Dior,NIB {Dior} Miss Dior Rose N Roses Women's Eau de Toilette Miniature 0.17 fl oz,Eau de Toilette,19.48,10,4,77.92,United States,5.0,Budget
Bvlgari,New Women's EDT Perfume Bvlgari Omnia Paraiba Eau De Toilette Spray 2.2 oz,Eau de Toilette,33.86,8,18,609.48,China,65.0,Midrange
Jo Malone,Jo Malone London English Pear & Sweet Pea Cologne travel size 9ml/0.3fl.oz NEW!!,Cologne,16.99,10,39,662.6099999999999,United States,9.0,Budget
Bvlgari,BVLGARI ROSE GOLDEA BLOSSOM DELIGHT EAU DE PARFUM 0.5OZ 15ML VAPORISATEUR  SPRAY,Eau de Parfum,24.5,10,18,441.0,United States,15.0,Budget
Versace,Versense By Versace EDT For Women 3.4 oz / 100 ml *NEW*,Eau de Toilette,38.99,10,19,740.8100000000001,United States,100.0,Midrange
Montale,Montale Intense Cafe by Montale  EAU DE PARFUM SPRAY 3.4 OZ NEW IN BOX,Eau de Parfum,65.5,1,46,3013.0,United States,101.0,Midrange
Hugo Boss,Boss Ma Vie Pour Femme by Hugo Boss 2.5 oz EDP Perfume for Women New In Box,Eau de Parfum,29.79,10,541,16116.39,United States,74.0,Budget
Dolce & Gabbana,The Only One by Dolce & Gabbana perfume for women EDP 3.3 / 3.4 oz New Tester,Eau de Parfum,50.22,8,380,19083.6,United States,101.0,Midrange
Montblanc,Montblanc - Signature Eau De Parfum Spray  50ml/1.7oz,Eau de Parfum,31.01,3,6,186.06,United States,50.0,Midrange
Dossier,Dossier Gourmand White Flowers 1.7 oz Cologne Spray New No Box,Eau de Parfum,22.99,10,23,528.77,United States,50.0,Budget
Christian Audigier,Ed Hardy by Christian Audigier Perfume for Women edp 3.4 oz Brand New In Box,Eau de Parfum,22.9,10,3510,80379.0,United States,101.0,Budget
Mancera,Red Tobacco by Mancera 4 oz EDP Perfume for Men New in Box,Eau de Parfum,55.99,10,25,1399.75,Taiwan,118.0,Midrange
Snif,"Snif : Sweet Ash .07 FL. OZ. - Juniper, Fir Balsam, White Moss & Cedarwood",Eau de Parfum,14.95,10,0,0.0,United States,2.0,Budget
Estée Lauder,Estee Lauder Beautiful Perfume Eau de Parfum Spray 1 oz 30ml (SEALED AUTHENTIC!),Eau de Parfum,23.99,8,26,623.74,United States,30.0,Budget
Marc Jacobs,"Daisy Eau So Fresh by Marc Jacobs 4.25 Oz / 125 Ml – EDP Spray, Sealed",Eau de Toilette,39.99,5,32,1279.68,United States,125.0,Midrange
Jessica Simpson,Fancy Love by Jessica Simpson 8 oz Body Mist for Women Brand New,Eau de Parfum,10.98,10,279,3063.42,United States,237.0,Budget
Dolce & Gabbana,Dolce & Gabbana Pour Femme 3.3 / 3.4 oz EDP Perfume for Women Brand New Tester,Eau de Parfum,41.34,2,171,7069.14,United States,101.0,Midrange
Bath & Body Works,Bath and Body Works NIB Black Amethyst Perfumes,Eau de Parfum,50.0,3,3,150.0,United States,100.0,Midrange
Kilian,2 Kilian Good Girl Gone Bad Eau De Parfum Mini 1.5mL + Le Rouge Lip Travel Set,Eau de Parfum,9.9,6,2,19.8,United States,5.0,Budget
Donna Karan,Donna Karan Cashmere Mist 3.4 oz / 100ml Women Eau de Parfum Brand New Sealed,Eau de Parfum,29.95,8,1239,37108.049999999996,United States,100.0,Budget
Escada,ESCADA Island Kiss 3.4oz (100 ml) Eau de Toilette Spray - NEW,Eau de Parfum,54.9,1,10,549.0,United States,100.0,Midrange
Rasasi,Rasasi Ladies Daarej EDP Spray 3.4 oz Fragrances 614514177013,Eau de Parfum,18.79,3,5,93.94999999999999,United States,101.0,Budget
Issey Miyake,NEW! L'eau D'Issey by Issey Miyake 0.84 oz EDT Perfume for Women 5B,Eau de Toilette,21.0,3,2,42.0,United States,25.0,Budget
Clinique,"Aromatics Elixir by Clinique, 3.4 oz Perfume Spray for Women",Eau de Parfum,34.17,10,349,11925.33,United States,101.0,Midrange
The Body Shop,The Body Shop 'White Musk Libertine' Eau De Toilette 2oz/60ml New,Eau de Toilette,19.3,10,10,193.0,United States,60.0,Budget
Givenchy,Givenchy Dahlia Divin For Women Eau de Parfum Spray 2.5 fl oz / 75ML EDP,Eau de Parfum,70.0,6,6,420.0,United States,74.0,Midrange
Five Star Fragrance,Light Blue 6.7 oz / 200mL Women's Eau De Toilette Spray Perfume Brand New Sealed,Eau de Toilette,40.99,10,14,573.86,United States,200.0,Midrange
Pink Sugar,Premium Fragrance Body Oil PINK SUGAR for Women 16 oz,Others,33.5,10,11,368.5,United States,473.0,Midrange
Jimmy Choo,Jimmy Choo Illicit 2 oz EDP Perfume for Women New In Box,Eau de Parfum,28.18,10,131,3691.58,United States,59.0,Budget
Robert Piguet,FRACAS by Robert Piguet Parfum Mini Women Splash 0.14 oz. No Box  New & RARE(P44,Eau de Parfum,23.99,10,95,2279.0499999999997,United States,4.0,Budget
Khadlaj,Khadlaj Hareem Al Sultan Gold Concentrated Oil Perfume 35 ml Women Spray,Eau de Parfum,25.99,10,49,1273.51,United States,35.0,Budget
Lattafa,Lattafa Yara Women's Floral Perfume 5mL Samples Long Lasting Sweet,Eau de Parfum,9.99,7,13,129.87,United States,5.0,Budget
Michael Kors,Michael Kors Silky Body Lotion 2.5 oz / 75 ml NEW,Body Care,29.99,10,283,8487.17,United States,75.0,Budget
Elizabeth & James,Elizabeth & James Nirvana Rose 0.34 oz eau de parfum rollerball NIB,Eau de Parfum,10.99,10,104,1142.96,United States,10.0,Budget
Oscar De La Renta,OSCAR by Oscar de la Renta for women EDT 6.7 oz New in Box,Eau de Toilette,43.39,1,678,29418.420000000002,United States,198.0,Midrange
Gucci,Gucci Flora Gorgeous Gardenia 3.3 oz EDP Perfume for Women New In Box,Eau de Parfum,84.98,10,272,23114.56,United States,98.0,Prestige
Coach,Coach Poppy Women's Eau de Parfum Spray 3.4 Oz Fragrance New Sealed,Eau de Parfum,30.99,5,68,2107.3199999999997,United States,101.0,Midrange
Victoria's Secret,Victoria's Secret Bombshell Escape Eau De Parfum 3.4oz,Eau de Parfum,55.0,2,8,440.0,United States,101.0,Midrange
Liz Claiborne,Discontinued REALITIES By Liz Claiborne 3.4oz Eau De Parfum (True Photo),Eau de Parfum,54.0,10,163,8802.0,United States,101.0,Midrange
Moschino,I Love Love Cheap and Chic by Moschino EDT For Women 100 ml *NEW*,Eau de Toilette,24.99,3,25,624.75,United States,100.0,Budget
Al Wataniah,Attar Al Wesal EDP Perfume By Al Wataniah 100 ML🥇Hot New Super Rich Fragrance🥇,Eau de Parfum,39.99,10,79,3159.21,United States,100.0,Midrange
Burberry,BURBERRY BODY EDP 2.0ml .06fl oz x 5 PERFUME SPRAY SAMPLE VIALS,Eau de Parfum,10.0,10,150,1500.0,United States,2.0,Budget
Elie Saab,Elie Saab Girl of Now Shine EDP 1.0 oz Fragrances 7640233340233,Eau de Parfum,34.77,3,4,139.08,United States,30.0,Midrange
Valentino,VALENTINO Perfume Travel Spray 10ml (Choose Your Scent) Combined Shipping,Eau de Parfum,20.95,7,238,4986.099999999999,United States,10.0,Budget
Sol De Janeiro,"Sol De Janeiro Rio Perfume Mist 1fl.oz./30ml Travel Size, Individual Sprays",Eau de Parfum,16.99,10,14,237.85999999999999,United States,30.0,Budget
Gwen Stefani,L.A.M.B by Gwen Stefani LAMB perfume 0.17 oz / 5 ml EDP for Women,Eau de Parfum,28.99,6,42,1217.58,United States,5.0,Budget
Avon,Two pcs set Avon Classic Odyssey cologne PERFUME Spray 1.7 oz/Free travel spray,Cologne,16.89,10,179,3023.31,United States,50.0,Budget
Chanel,Chanel Coco Mademoiselle Eau De Parfum  Sample 5ml,Eau de Parfum,16.99,3,1,16.99,United States,5.0,Budget
Aerin,"Aerin Mediterranean Honeysuckle Tiare Summer Edition Sample Spray .05oz, 1.5ml",Eau de Parfum,11.89,5,16,190.24,United States,5.0,Budget
Kate Spade,WALK ON AIR by Kate Spade for Women FRAGRANCE MIST 8.4 oz 250 ml NEW AS PICTURE,Eau de Parfum,13.75,5,221,3038.75,United States,250.0,Budget
Juicy Couture,JUICY COUTURE DUO: VIVA LA JUICY W EDP  / VIVA LA JUICY GOLD COUTURE W EDP (5ML),Eau de Parfum,12.0,8,10,120.0,United States,5.0,Budget
Yves Saint Laurent,New YSL Mon Paris Eau De Parfum 3 oz/90ml Yves Saint Laurent EDP Spray for Women,Eau de Parfum,35.88,8,3,107.64000000000001,China,90.0,Midrange
Versace,Versace Dylan Purple Women EDP 3.4 Oz Spray lotion Shower gel & Mini 4 Pc Set,Eau de Parfum,92.95,5,34,3160.3,United States,101.0,Prestige
Unknown,Narciso Rodriguez Musc Noir Rose 3.3 Oz /100ml Eau de Parfum for Women New Us,Eau de Parfum,64.88,10,22,1427.36,Hong Kong,100.0,Midrange
Unknown,VALENTINE NERO WOMEN Eau de Parfum 3.4 oz,Eau de Parfum,13.99,10,5,69.95,United States,101.0,Budget
Versace,VERSACE EROS POUR FEMME 3.4 oz 3.3 edt Perfume New Tester,Eau de Toilette,44.95,107,32,1438.4,United States,101.0,Midrange
Parfums De Marly,PARFUMS de MARLY DELINA La Rosee 2.5 oz./ 75 ml. EDP Spray- NEW IN BOX,Eau de Parfum,100.99,1,17,1716.83,United States,75.0,Prestige
Jo Malone,Jo Malone Bitter  Mandarin Cologne Spray Women's Eau de  - 3.4 fl oz/100ml,Cologne,79.99,9,7,559.93,United States,101.0,Midrange
Ariana Grande,Sweet Like Candy by Ariana Grande perfume 3.3 / 3.4 oz edp New Tester,Eau de Parfum,29.53,50,856,25277.68,United States,101.0,Budget
Parfums De Marly,Parfums de Marly Delina 2.5 fl oz Women's EDP Spray USED SALE!!!,Eau de Parfum,80.0,10,2,160.0,United States,74.0,Midrange
Gucci,Gucci Guilty 1.7 oz EDT Perfume for Women New in Box,Eau de Toilette,64.58,10,275,17759.5,United States,50.0,Midrange
Bath & Body Works,BATH & BODY WORKS NIGHT BLOOMING JASMINE BODY MIST 8 FL OZ,Eau de Parfum,23.95,5,23,550.85,United States,237.0,Budget
Davidoff,COOL WATER * Davidoff * Perfume for Women * EDT * 3.4 oz * BRAND NEW TESTER,Eau de Toilette,20.87,10,4936,103014.32,United States,101.0,Budget
Tom Ford,Tom Ford Black Orchid Eau De Parfum Sample Size Spray .05 FL. OZ 1.5ml VIAL VOC,Eau de Parfum,11.49,10,64,735.36,United States,1.0,Budget
Thierry Mugler,Thierry Mugler Angel Eau De Parfum  3.4 oz / 100 ml New Factory Sealed,Eau de Parfum,39.0,4,175,6825.0,United States,100.0,Midrange
Estée Lauder,Youth Dew by Estee Lauder EDP Spray 2.25 oz (w),Eau de Parfum,22.55,3,15,338.25,United States,67.0,Budget
Unknown,Perfume EDP for Women 3.4 oz / 100 ml  NEW,Eau de Parfum,23.99,10,4,95.96,China,100.0,Budget
Unknown,Carmina By Creed2.5 oz / 75 ml Eau De Parfum For Women New In Box,Eau de Parfum,124.99,1,3,374.96999999999997,Hong Kong,75.0,Prestige
Burberry,Burberry Her ELIXIR DE PARFUM EDP Intense-Deluxe Travel Spray 0.33oz NEW IN BOX,Eau de Parfum,13.0,10,0,0.0,United States,10.0,Budget
Carolina Herrera,Good Girl by Carolina Herrera 2.7 oz Eau De Parfum Spray Women's New & Sealed,Eau de Parfum,44.97,9,2,89.94,United States,80.0,Midrange
Yves Saint Laurent,Yves Saint Laurent Black Opium Eau De Parfum Spray 90 ml 3 Oz For Women New Seal,Eau de Parfum,38.69,10,11,425.59,United States,90.0,Midrange
Lancôme,Lancome Tresor 3.4oz EDP Women's Elegant Perfume Spray New,Eau de Parfum,43.99,10,29,1275.71,United States,101.0,Midrange
Armand Dupree Fuller,LUCIA MENDEZ PERFUMES CON FEROMONAS ELIGE TU FAVORITO 100% ORIGINAL CAJA SELLADA,Cologne,32.99,10,472,15571.28,United States,100.0,Midrange
Ralph Lauren,RALPH by Ralph Lauren 3.3 / 3.4 oz EDT For Women New in Box,Eau de Toilette,47.69,41,269,12828.609999999999,United States,101.0,Midrange
Dkny,Be Extra Delicious By DKNY 0.24oz EDP Women's Perfume Travel Size,Eau de Parfum,14.95,19,5,74.75,United States,7.0,Budget
United Colors Of Benetton,United Colors of Benetton MINI COLORS FEMME WOMEN **Lot of 8** 0.13 oz 4ml EDT,Eau de Toilette,24.99,10,79,1974.2099999999998,United States,4.0,Budget
Maison,Maison Louis Marie No.04 Bois de Balincourt Perfume Oil Rollerball .10 oz No.4,Eau de Parfum,22.09,1,41,905.6899999999999,United States,3.0,Budget
Calvin Klein,Obsession Perfume by Calvin Klein - 3.3 / 3.4 oz / 100 ml EDP Spray New In Box,Eau de Parfum,24.65,10,615,15159.75,United States,100.0,Budget
Dolce & Gabbana,Dolce & Gabbana Ladies The Only One EDP Spray 3.4 oz (Tester) Fragrances,Eau de Parfum,50.75,3,29,1471.75,United States,101.0,Midrange
Vince Camuto,"Vince Camuto Illuminare Eau De Parfum Spray, 3.4 Fl Oz Open Box",Eau de Parfum,19.99,10,177,3538.2299999999996,United States,101.0,Budget
Avon,Avon Far Away Infinity Eau de Parfum 1.7 fl. oz.  NIB/Free Travel Spray,Eau de Parfum,13.89,10,157,2180.73,United States,50.0,Budget
Mancera,Roses Greedy by Mancera perfume for unisex EDP 4 / 4.0 oz New in Box,Eau de Parfum,57.85,33,58,3355.3,United States,118.0,Midrange
Unknown,"Sweet Tooth Eau de Parfum, Perfume for Women, 1 fl oz",Eau de Parfum,30.96,2,3,92.88,United States,30.0,Midrange
Juliette Has A Gun,MMMM BY Juliette Has A Gun perfume for her EDP 3.3 / 3.4 oz New in Box,Eau de Parfum,53.99,3,117,6316.83,United States,101.0,Midrange
Paris Hilton,PARIS HILTON ELECTRIFY for Women Cologne 3.4 oz 100 ml Eau de Parfum Spray UNBOX,Eau de Parfum,14.99,4,51,764.49,United States,100.0,Budget
